https://ipsj.ixsq.nii.ac.jp/ej/?action=pages_view_main&active_action=repository_view_main_item_detail&item_id=206181&item_no=1&page_id=13&block_id=8, 犯罪予測とは、犯罪の発生履歴データから近い将来における犯罪発生場所を予測する技術で、警察のパトロールにおける利用が始まっている。本論文は、離散的な犯罪発生履歴データに時空間カーネル密度推定を適用して、発生件数密度分布の高密度エリアを犯罪発生場所として予測する、犯罪予測手法を提案する。カーネル関数のパラメータであるバンド幅は、パトロール実施可能な面積割合を制約条件として与え、その面積分の場所を予測した場合の予測件数的中率が最大になるように、発生履歴データを機械学習して推定する。これによりパトロールに割り当てるリソース量の多寡を最適バンド幅に反映する。既存手法ではこのようなパラメータ設定は犯罪学における知見に基づいて行う必要があったが、提案手法はそれを不要にする。米国立司法省研究所の公開データを用いた実験で、提案手法で得られた罪種ごとの最適バンド幅の傾向は、犯罪学における既存の知見と合致した。さらに、比較手法として犯罪発生集中場所を意味するホットスポットを分析する既存手法を改良して用いた実験で、罪種ごとの平均予測件数的中率を評価し、提案手法の犯罪予測への有効性を確認した。, 0
https://ipsj.ixsq.nii.ac.jp/ej/?action=pages_view_main&active_action=repository_view_main_item_detail&item_id=206183&item_no=1&page_id=13&block_id=8, 本研究では、外国語学習者の習熟度に適した発音学習用資料の自動選択に向けて、発音適合度推定システムを提案し、その有効性を評価した。従来とは異なり、(1)発音適合度を発音の容易さと発音の正確さの加重和として求め、(2)発音適合度を目的変数とし、文の言語的要因と学習者要因を説明変数とした非線形回帰を行った。提案システムを構築するために訓練事例集を作成し、その信頼性と妥当性を古典的テスト理論に基づいて検証した。その結果、発音適合度の信頼性と妥当性が確認できた。構築した発音適合度推定システムの有効性を評価するために、機械学習手法と言語的および学習者要因とが発音適合度推定性能に及ぼす影響を検証した。その結果、線形重回帰よりも非線形回帰の方が、発音適合度推定性能が高いことと、発音適合度推定に有効な要因は学習者の習熟度であることが明らかになった。, 0
https://ipsj.ixsq.nii.ac.jp/ej/?action=pages_view_main&active_action=repository_view_main_item_detail&item_id=204878&item_no=1&page_id=13&block_id=8, マイクロブログやレビューサイトなどの情報サービス上の膨大な情報からユーザの共感や興味を喚起する情報を提供することは重要である。情報サービス上の発言には、感想や評価などのようなユーザがコンテンツに対して抱いた感情を含む発言が多く存在する。このような感情を考慮することで共感や興味を抱くコンテンツの推薦が可能である。しかし、協調フィルタリングのように類似したユーザから推定される感情を考慮するだけでは、推薦対象となるコンテンツがユーザの感情に与える影響は十分に考慮されていないため、コンテンツが与える感情との関係を考慮する仕組みが必要である。本研究では、コンテンツのユーザに与える感情を考慮したコンテンツ推薦手法を提案する。提案手法は、コンテンツに対してユーザが抱く感情およびコンテンツが与える感情を、ユーザの発言履歴から感情判定モデルにより8種の感情値として算出する。推薦処理では協調フィルタリングを適用することにより、ユーザの感情間の類似性に基づいて、未知のコンテンツに抱く感情を算出し、コンテンツが与える感情との関係性を考慮したコンテンツ推薦を行う。ユーザが抱く感情に類似した感情を与えるコンテンツを提示することで、そのコンテンツに対するユーザの興味を高める効果が期待できる。本研究では、マイクロブログの1つであるTwitterを対象とした実験により、提案手法の実現可能性と有効性を検証する。, 0
https://ipsj.ixsq.nii.ac.jp/ej/?action=pages_view_main&active_action=repository_view_main_item_detail&item_id=204604&item_no=1&page_id=13&block_id=8, 留学生に対する留学地域の観光支援は、国際文化交流の面から促進されるべきである。そこで、著者らは観光支援システムを開発・運用し、留学生の留学地域での観光行動を支援してきた。一方、より実際的な観光支援を行うことが可能になるため、留学生の観光行動を把握することが重要である。しかし、留学生の観光行動特性を実態に即して明らかにする研究は、ほとんどない状況にある。そこで、本研究は観光支援システムの運用データに基づいた留学生の観光行動特性分析の手法を提案するとともに、提案手法とその活用可能性を検討することを目的とする。具体的には、留学生の観光傾向と属性ごとの分析、観光計画および現地観光との比較分析、そして外国人観光客との比較分析の3つの分析視点からなるフレームワークを整理し、それを基礎とする分析手法を提案した。提案手法を評価した結果、留学生の訪問地傾向、観光計画と現地観光の移動特性、外国人観光客の観光行動との違いなど留学生に特有な観光行動特性を確認できたため、提案手法の有用性が示された。さらに、本分析の活用可能性を考察した結果、提案手法は他地域へ展開可能であることや、分析結果はステークホルダーへ活用できることといった知見が得られた。, 0
https://ipsj.ixsq.nii.ac.jp/ej/?action=pages_view_main&active_action=repository_view_main_item_detail&item_id=204605&item_no=1&page_id=13&block_id=8, ITILはシステム運用における事実上の世界標準であるが、導入の難易度が高く、それが多くの企業等の課題となっている。その成功要因の1つはシステム運用者の主体性にあるが、それはどのように獲得されるのか明らかではない。以上の背景・課題から、本研究では「ITIL導入において、システム運用者はどのように主体性を獲得するのか、その変容の段階を明らかにすること」を目的とする。そのためITIL導入を経験したシステム運用者18名にインタビュー調査を行い、M-GTAで分析することにより、システム運用者の変容をモデル化した。システム運用者は、ITIL導入前はネガティブな感情を持ち、導入初期も生みの苦しみを感じるが、その後上司・同僚からの精神的な支援を受けながらITILの意義を理解して行動も変化していることが分かった。さらに本稿では、その分析結果から、システム運用者が変容するために、①小さな成果を生み出す、②意義を語る立場にする、③精神的な支援を行う、④ITILの知識を付与する、という4つの有効な施策を提示する。, 0
https://ipsj.ixsq.nii.ac.jp/ej/?action=pages_view_main&active_action=repository_view_main_item_detail&item_id=204607&item_no=1&page_id=13&block_id=8, 攻撃ツールの進化によりWebアプリケーションに対する攻撃数は増加の一途をたどっている。IDSはこれらの攻撃を検知し、システム管理者に通知する役割を担っている。IDSはその形態からネットワーク型(NIDS)およびホスト型(HIDS)に大別される。HIDSはホスト上で観測できる細かなイベントに基づいて攻撃の成否を判定できるためより精度が高い通知が可能である。しかし、システムコールやデータベースへのSQLクエリ発行の情報のみを入力として利用しており、これらの情報がどのHTTPリクエストによって発生したものであるか関連付いていない。そのため、被害の原因調査に必要な攻撃対象のWebアプリケーションのURLや攻撃元などの情報を出力できず、管理者がこれらの情報を手動で特定する必要があり、時間を要する。本研究では、HIDSの入力であるシステムコールやSQLクエリ発行などのイベントをそれらを発生させたHTTPリクエストを処理したスレッドのIDと高精度な処理開始および終了時刻に基づいて関連付けを行うことで、HIDSで検知した際に管理者が攻撃対象のWebアプリケーションのURLや攻撃元のIPアドレスを特定できるようにする。評価では、提案手法が誤った関連付けをすることがなく、Webアプリケーションに与えるパフォーマンス低下を5%程度に抑えた実用的な手法であることを示す。, 0
https://ipsj.ixsq.nii.ac.jp/ej/?action=pages_view_main&active_action=repository_view_main_item_detail&item_id=204608&item_no=1&page_id=13&block_id=8, 秘匿大小比較プロトコルは、効率的なマルチパーティ計算(MPC)を実現する上で重要なプロトコルであることから、多くの研究がなされており、Shamirの(k,n)しきい値秘密分散法を用いた方式も多数提案されている。本稿では、3パーティのShamirの(2,3)しきい値秘密分散法上において、ランダム置換プロトコルを用いることにより、5ラウンドで実現可能な大小比較プロトコルを提案する。また、ラウンドと通信量に関して既存手法との比較を行い、本方式の有用性を示す。, 0
https://ipsj.ixsq.nii.ac.jp/ej/?action=pages_view_main&active_action=repository_view_main_item_detail&item_id=204610&item_no=1&page_id=13&block_id=8, 機械学習の進歩により、機械学習を利用して創作された絵画、音楽、小説などの「創作物」(Machine aided creative works- MACW)を利用できる可能性が高まってきた。機械学習を利用した「創作物」の生成手法とその品質は、現在急速に進歩しており、近い将来幅広い範囲で高品質な作品の利用が可能になると予想される。本論文では、このような機械学習を利用して創作された創作物の知的財産的価値への寄与を評価する場合における諸問題を論ずる。まずこれらの知的財産的価値への寄与の評価において、入力(操作やデータ)の情報量を基礎として、なんらかの測度が与えられないかを検討する。検討の結果として筆者は、入力の単純な「情報量」による測度はMACWの各入力が持つMACWの知的財産的価値への寄与を必ずしも適切に反映しないと結論する。次に、生成されたMACWの人による評価をMACWの入力の知的財産的価値への寄与の評価に反映する方法を検討する。人による評価による創作物の価値は、MACWの入力の多くの要因に分解されうる。そこで、統合されたMACWへの人による評価に対する複数の要因の寄与を評価に組み入れるための簡単な数量モデルを提案する。, 0
https://ipsj.ixsq.nii.ac.jp/ej/?action=pages_view_main&active_action=repository_view_main_item_detail&item_id=204611&item_no=1&page_id=13&block_id=8, 2008年に日本においても新しい学習指導要領が改訂され、公式を暗記して計算練習する旧来の統計教育ではなく、データに基づく科学的な問題解決力をコンピテンシーとして定着させる、新しい枠組みの下での統計教育を指向している。しかし、一般に、データ分析の経験がなく、抽象化された演繹的思考法を主に教授してきた学校の教員にとって、どのようにこの授業を展開していけばいいのか、現場の戸惑いの声は大きい。そこで、統計分析の知識や経験がなくても、計算の仕方や数式、公式が分からなくても、適切かつ手順をふんだ関連のある複数の検定結果が同時に得られ、また、採用できる検定結果とできない検定結果が視覚的に見分けられる機能を備えた統計的検定の学習支援システムを開発した。本システムを用いることで、比較したい群をドラッグアンドドロップで指定するだけで正規性の検定から多重比較まで23種類の検定結果が得られる。受講者数100人を超える大学3年生の授業でシステムの有用性を確認した。授業実施前と後における対応のある差の検定結果、高い有意差が認められた。ユーザはシステムのマニュアルを読むことで自主的に各種検定手法を学ぶことができることが示唆された。, 0
https://ipsj.ixsq.nii.ac.jp/ej/?action=pages_view_main&active_action=repository_view_main_item_detail&item_id=204319&item_no=1&page_id=13&block_id=8, 本稿では、音楽音響信号を音楽的に意味のあるひとまとまりの区間(セクション)に分割し、それらをいくつかのクラスに分類する音楽構造解析手法について述べる。我々は、音楽構造を決定する3つの基本的側面、すなわち各セクション内における音色の同質性、同じクラスのセクションにおけるコード進行の反復性、およびセクション長の規則性に着目し、これらを確率的な枠組みで統一的に取り扱うための階層隠れセミマルコフモデルを提案する。本モデルは、セクション系列とコード系列に対応する2階層の潜在変数系列を持ち、音色特徴量(メル周波数ケプストラム係数)とコード特徴量(クロマベクトル)を観測変数系列として出力する。まず、上位のセクション系列は、各セクションの継続時間長を考慮したセミマルコフモデルに従うと仮定し、音色の同質性を担保するため、セクションクラスごとに音色特徴量の出力分布を仮定する。一方、下位のコード系列は、同じクラスのセクションでは同じ順序でコード進行が反復されるように、セクション条件付きLeft-to-Right型マルコフモデルに従うと仮定する。各パラメータに共役事前分布を導入してベイズモデルを構成することにより、セクション数とコード数を過剰に設定しても、観測データに合わせて適切な個数のセクションとコードからなる潜在変数系列を推定できる。実験により、同質性と規則性の統合による性能向上を確認した。また、提案法による音楽構造解析結果は正解データと類似する統計的性質を持ち、分割・分類精度において代表的な既存手法より優れていることを確認した。, 0
https://ipsj.ixsq.nii.ac.jp/ej/?action=pages_view_main&active_action=repository_view_main_item_detail&item_id=204322&item_no=1&page_id=13&block_id=8, 本論文では、与えられた楽曲のドラムパターンを差し替えるシステムTransDrumsを提案する。TransDrumsに2つの楽曲(元となる楽曲:B楽曲、置換するドラムパターンを提供するソース楽曲:S楽曲)が与えられると、B楽曲のドラムパターンが対応するS楽曲のドラムパターンで置換され、音響信号として新しい楽曲が生成される。音楽的に一貫性のある置換を実現するために、ドラムパターンの大域的構造を考慮する。まず、各楽曲から1小節ごとにフィルインなどに着目してドラムパターンを抽出し、それぞれクラスタリングを行い、ドラムパターンの遷移行列を作成する。次に、B楽曲とS楽曲の間で最もドラムパターンの遷移が類似するよう、ドラムパターンどうしの最適な割当てを全解探索する。そして、B楽曲のドラムパターンをS楽曲の割り当てられたドラムパターンで置換する。ドラムパターンciからcjへの遷移の傾向は条件付確率と見なすことができるので、遷移行列どうしの類似度は確率分布どうしの距離から計算できる。評価実験では、遷移確率の類似度判定にJensen-Shannon情報量を用いた。実験結果より、TransDrumsはB楽曲のフィルインを含む小節を、S楽曲のそれを含む小節で、B楽曲のフィルインを含まない小節はS楽曲のそれを含まない小節で適切に置き換えることが示された。, 0
https://ipsj.ixsq.nii.ac.jp/ej/?action=pages_view_main&active_action=repository_view_main_item_detail&item_id=204326&item_no=1&page_id=13&block_id=8, 声道長の縮小や拡大を模して、スペクトル包絡の周波数軸を伸長圧縮した声質変換音声では、基本周波数(fo)の高低関係と、声の高さの印象評価が逆転することがある。このピッチ感の錯覚が起こる条件を精査するため、標準fo軌跡、平坦fo軌跡、逆相fo軌跡、疑似歌声、疑似ささやき声による評価実験を行った。その結果、標準fo軌跡と逆相fo軌跡ではピッチ感の錯覚が生起したが、平坦fo軌跡では消失した。疑似歌声条件では錯覚量はやや低下したが、foの高低によるピッチ感への支配性は必ずしも検証されなかった。一方、foや調波構造が存在しない疑似ささやき声では、スペクトル周波数軸の伸縮に呼応した高低判断がなされていた。, 0
https://ipsj.ixsq.nii.ac.jp/ej/?action=pages_view_main&active_action=repository_view_main_item_detail&item_id=204327&item_no=1&page_id=13&block_id=8, 移動するための機能を有する遠隔操作ロボットは身体性が大きく異なる場合や操作に遅延が生じる場合、操作者がロボットの移動を自身の動きであると感じる身体的一体感やロボットと同じ空間にいるように感じる空間的一体感が得られにくい。そのような操作状況において、身体的・空間的一体感を強化するため、本研究ではロボットの遠隔操作に直接関係しない音楽に同期した自律動作(音楽同期動作)を操作者に提示する手法を提案した。コースに沿ってロボットを遠隔操作する実験を行った結果、音楽同期動作は音楽に同期した操作を促進し、操作者とロボットとが同調することによって身体的・空間的一体感を強化できる可能性が示された。, 0
https://ipsj.ixsq.nii.ac.jp/ej/?action=pages_view_main&active_action=repository_view_main_item_detail&item_id=204330&item_no=1&page_id=13&block_id=8, 情報システムの要求定義においては、ステークホルダの要求を的確に把握することが重要である。このステークホルダの要求は、要求仕様として記述される。要求仕様の分析者は、要求仕様の性質を明らかにし、要求仕様に重複、矛盾、漏れがないことを確認するため、要求仕様の分類を行う。要求仕様の分類に関するノウハウは、経験豊富な分析者の暗黙知となっている場合が多いため、経験が少ない分析者では、要求仕様の分類に多大な時間を要したり、分類の結果に一貫性を欠くことがある。これまでに著者らは、非機能要求に着目し、要求仕様が非機能要求のどの種別に属するのかを深層学習を用いて自動分類する手法を試行した。本研究では、要求仕様の自動分類の範囲を機能要求と非機能要求の両方に拡張した深層学習による要求仕様の自動分類手法を提案する。提案手法の有効性を確認するため、提案手法に基づき作成した分類モデルの精度を評価する実験を行った。, 0
https://ipsj.ixsq.nii.ac.jp/ej/?action=pages_view_main&active_action=repository_view_main_item_detail&item_id=204331&item_no=1&page_id=13&block_id=8, イベントベースなシステムにおいて、「起こるべき事象がつねにいつかは起こる」という活性や「起こるべきでない事象はけっして起こらない」という安全性が保証可能かは動作環境に依存する。システムの動作環境のモデルと振舞いに対する要求を入力として、要求が保証された仕様を自動合成する離散制御器合成が研究されてきた。離散制御器合成では環境と要求からゲームを構築し、そのゲームに勝利できるような戦略を仕様として出力するが、保証可能な要求が入力されなければ勝利戦略が立てられず仕様は合成できない。このため開発者には保証可能な要求を特定することが求められた。与えられた環境と要求から保証可能な要求を特定する研究は行われているが、対象のドメインを絞ったり扱う要求を安全性のみに限定したうえでの実現であった。そこで本研究では活性と同時に保証可能な安全性を特定するためのゲーム定義と特定のためのアルゴリズムを提案する。また、提案アルゴリズムが活性と同時に保証可能な安全性を特定できることを証明し、そしてアルゴリズムの計算量が構築されるゲーム空間の状態数m、遷移数n、扱う安全性の数rに対してO(2nmr)と現実的な計算時間となりうることを確認した。, 0
https://ipsj.ixsq.nii.ac.jp/ej/?action=pages_view_main&active_action=repository_view_main_item_detail&item_id=204332&item_no=1&page_id=13&block_id=8, 本稿では、ソフトウェア技術者の素養としての形式手法の体験を目標に、工業高等専門学校(工業高専)の本科4年生のクラス全員に対して形式手法B-Methodの学生実験を実践した。当実験は、形式仕様記述・定理証明とモデル検査の双方を実施項目に含有しており、「フォーマルメソッド利用のレベル」におけるレベル0よりレベル2までの手順をひととおり体験させることを目指す。結果、受講学生より、ツールの使用手順の理解度やB-Methodへの親近感について一定の評価を得ており、ツールを導入したいという希望が出ているなどの一定の関心を得ており、学生の形式手法に対する敷居を下げることに成功しており、目標を達成するものであり、人材の養成確保の問題解決に向けて寄与するものと考える。, 0
https://ipsj.ixsq.nii.ac.jp/ej/?action=pages_view_main&active_action=repository_view_main_item_detail&item_id=204338&item_no=1&page_id=13&block_id=8, 開発者の知識不足などの理由でソフトウェア開発中に発生する問題は、「不確かさ」と呼ばれている。本論文では、2つの調査課題について不確かさを分析した:RQ1)Revertに不確かさはどのように関わっているか、RQ2)実際の不確かさは具体的にどのような問題の集合であるのか。結果として、RQ1については、revertコミットではバグの原因が不確かであるため、その対応としてrevertを行ったものが多く存在し、revertedコミットでは例外対応したコミットが後にrevertされるケースが多いことが分かった。一方、RQ2については、OSSプロジェクトに存在する不確かさを、例外的な内容の不確かさ、バグと関連した不確かさ、将来的な変更についての不確かさ、変更内容に対する不確かさ、コードの内容に関わる不確かさの5つに分類することができた。また、最も多い不確かさはバグについての不確かさであることが分かった。解決すべき優先度が高い不確かさとして、バグの原因が曖昧な不確かさと例外的に不適切に処理された不確かさをあげることができる。, 0
https://ipsj.ixsq.nii.ac.jp/ej/?action=pages_view_main&active_action=repository_view_main_item_detail&item_id=204340&item_no=1&page_id=13&block_id=8, ミューテーションテストの高速化のためにミュータント削減に関する研究が多く行われている。ミュータント削減量の限界を解析することは重要な研究トピックの1つである。しかし既存手法は過剰なミュータント削減と削減後のミューテーションスコアの誤差という点で課題を残している。本研究ではミューテーション解析中に引き起こされるエラーの種類を網羅するようなミュータントを選択することと、選択されたミュータントに重み付けをすることで過剰なミュータント削減を防ぐ高信頼なミューテーションスコアの計測方法を提案する。OSSを用いて評価した結果、既存手法よりも削減量は劣るものの、貪欲法によるミュータント選択方法により約40%の実行時間の削減効果が得られた。また、過剰なミュータントの削減の影響を評価するために、バグ検出力を人為的に落としたテストに対してミューテーションスコアを計測したところ、既存手法に比べ提案手法のミューテーションスコアの誤差は少なくなった。, 0
https://ipsj.ixsq.nii.ac.jp/ej/?action=pages_view_main&active_action=repository_view_main_item_detail&item_id=204344&item_no=1&page_id=13&block_id=8, 海外では、ATM(Automated Teller Machine)システムは、様々な論理攻撃を受けて不正出金が行われており、深刻な社会問題となっている。既存対策はATM制御部であるPCの保護に重点が置かれているが、ATMの運用では数日おきの紙幣補充回収による内部アクセスや、定期的なPCのソフトウェアやデータ更新が発生するので、PCへのマルウェア侵入の懸念があった。そこで、筆者らは現金処理モジュールといった、ATM内の周辺デバイスに送られるコマンドの真正性を、周辺デバイス自身が検証する「コマンド真正性検証法」を提案した。しかし、磁気カードを用いた出金取引に本検証法を適用すると、既存のセキュリティ制約が少ないために適用箇所や適用の仕方は様々であるうえ、既存運用への影響の最小化といった考慮すべき観点も多数存在するため、適用設計が難しいという問題があった。そこで、本論文では出金取引中の多様な論理攻撃対策、既存運用や周辺デバイス改造への影響最小化を考慮しながら、コマンド真正性検証法をATMに適用する最適なシステム設計法を提案する。, 0
https://ipsj.ixsq.nii.ac.jp/ej/?action=pages_view_main&active_action=repository_view_main_item_detail&item_id=204347&item_no=1&page_id=13&block_id=8, 実世界の現象の探究を通して行う実世界学習は重要であるが、従来、学習者同士で活発な科学的探究を共同的に行う際に、学習者の個、あるいは、集団としての行動がどのようにともなわれるかは明らかでない。本研究は、「観察法による、行動観測、行動データの取得、行動の意味情報の抽出過程」を、マルチモーダルセンサデータの階層的抽象化を中核とした計算的過程として、構造化・モデル化するという着想のもと、実世界学習行動の意味の表現・推定を行う実世界型ラーニングアナリティクスを提案する。従来のジグソーメソッドを実世界学習に応用した新しい実践を通して、「学習者らが空間的な集合と離散を繰り返しながら学習を進めている場合、科学的探究が活性化する」という、実世界における行動が知識活動に果たす機能的役割を明らかにした。さらに、学習者の共同的観察行動の時空間的特徴をウェアラブルセンサデータから高精度に推定することで、実世界における科学的探究の活発さを予測できるという知見を得た。, 0
https://ipsj.ixsq.nii.ac.jp/ej/?action=pages_view_main&active_action=repository_view_main_item_detail&item_id=204264&item_no=1&page_id=13&block_id=8, 標的型メール攻撃の被害は依然増加傾向にある。標的型メール攻撃を成功させるために、攻撃者は、標的者が正規のメールと区別をつけることが難しく、かつ個人の性格因子や行動特性に応じた標的型メールを作成することを試みる。攻撃者はOpen Source Intelligence(OSINT)やAIツールを活用し、標的者の情報を収集する。このため、「攻撃者が、OSINTツールにより得られる標的者の情報を基に、AIツールにより標的者の性格因子や行動特性を推定し、それらに応じた心理操作テクニックを悪用することで、心理操作効力の高い標的型メールを、標的者ごとに作成する」という新たな攻撃が考えられる。本論文では、本攻撃の危険性を確認するために、「標的型メールの文面に用いられたチャルディーニの法則」と「個人の性格因子および行動特性」との間の関係性を、ユーザ実験により調査・分析した。ユーザ実験の結果、標的型メールの文面において、チャルディーニの法則と、個人の性格因子および行動特性との間には関係性があることが判明した。本研究結果をふまえ、標的型メールに対する教育を今一度見直すためのきっかけを組織に与えることができると期待する。, 0
https://ipsj.ixsq.nii.ac.jp/ej/?action=pages_view_main&active_action=repository_view_main_item_detail&item_id=204265&item_no=1&page_id=13&block_id=8, 大語彙音声認識の精度向上にともない、機械翻訳エンジンや対話エンジンと組み合わせた特定環境向けの音声翻訳システムや音声対話システムの実用化が検討されている。しかしながら、汎用的な音声認識エンジンは特定環境のドメインや文脈にそぐわない認識結果を出力する場合がある。このような場合に、特定ドメインや文脈の情報を用いて認識結果を検証し、誤認識の可能性が高い場合にはユーザへの出力を止める機能が求められる。従来、認識結果の検証機能は音声認識エンジンの内部変数を用いて汎用的な系列ラベリングを行うものであったが、本研究では、特定ドメインで得られた少量のログを用いて、音声認識エンジンとは独立に、発声ごとに認識結果に誤りが含まれるか否かの2値分類を行う音声認識誤り識別器を提案する。具体的には、タクシー車内で運用された音声翻訳システムの約1万発声分のログを用い、認識結果の単語系列をBag-of-Words(BoW)で表現する識別器をベースラインとして、同単語系列を単語クラスを用いてBag-of-Word-Classes(BoWC)で表現する識別器、注意機構付きリカレントニューラルネットワーク(RNN)に基づく識別器の2種類を検討した。BoWCで表現する識別器においては、シソーラスに基づく方法と単語分散表現に基づく方法を比較評価し、後者の方が優れることを確認した。RNNに基づく識別機では学習データの正例と負例の調節により精度改善を図った。評価の結果、正例と負例を調節した注意機構付きRNNに基づく識別器において、最も高い音声認識誤り識別精度75.8%を得た。また、誤認識単語に対する注意機構の注視精度を評価した結果、80%を超える注視精度を確認した。, 0
https://ipsj.ixsq.nii.ac.jp/ej/?action=pages_view_main&active_action=repository_view_main_item_detail&item_id=204269&item_no=1&page_id=13&block_id=8, 実世界センサでの計測と機械学習を組み合わせることでジェスチャ識別を行う研究は数多く存在する。実世界センサは配置や個数、計測したい動作によって測定結果が変化することからセンサ配置を検討することが重要である。しかし、識別率の良いセンサ配置を検討することや実世界での学習データの蓄積には手間がかかる。本研究では、実世界センサの配置をデザインできるソフトウェアを開発した。ソフトウェアでは、Kinectを用いて記録した実世界の変形と自由に配置されたセンサとの距離を計測しジェスチャ識別器を生成する。また、ソフトウェア上のデータで生成された識別器を用いて実世界に配置したセンサでのジェスチャ識別を行った。, 0
https://ipsj.ixsq.nii.ac.jp/ej/?action=pages_view_main&active_action=repository_view_main_item_detail&item_id=204272&item_no=1&page_id=13&block_id=8, 日本では高齢化が急速に進むにつれて、医療従事者の負担と国民医療費の増加が顕著になっており、中医学が予防医学の1つとして注目されている。しかし、中医学の診断は定性的なデータに基づくため、診断の際、中医学に関する豊富な知識と経験を必要とする。そのため、医師の診断を支援する枠組みが求められる。そこで本研究では、患者の病態を示す「証」とその証を引き起こす「原因」の関係を分析し、医師に提供することで患者に対する最適な治療法の決定を支援する証間の関係モデル化手法を提案し、証間の関係に適用可能であるかを検証する。, 0
https://ipsj.ixsq.nii.ac.jp/ej/?action=pages_view_main&active_action=repository_view_main_item_detail&item_id=204274&item_no=1&page_id=13&block_id=8, システムの大規模・複雑化にともない、サーバの構築・運用を効率化するために、サーバの設定状態をコードで記述する手法が数多く提供されている。それらの手法を効率良く扱うプロセスとして、テスト駆動開発の手法をサーバ構築に応用したProvisioning Testingという手法が提案されている。この手法を支援するテストフレームワークもいくつか登場しているが、あるものは特定の構成管理ツールに依存、またあるものはOSごとの違いを自ら吸収しなければならないなど、汎用性に難がある。シェルコマンドを直接記述する必要があり、可読性に難があるものも存在する。そこで本論文では、生産性や保守性を向上するために、サーバの設定状態を汎用的かつ可読性の高い宣言的なコードでテスト可能なテストフレームワークを提案する。提案手法では、汎用性を高めるために、OSや構成管理ツール固有の振舞いを整理して一般化し、運用業務で発生するコマンド群を体系化・抽象化した汎用コマンド実行フレームワークを定義する。続いて、テストコード記述の抽象度を高め可読性を上げるために宣言的な記法で汎用コマンド実行フレームワークを操作できる制御テストフレームワークを定義する。これにより、管理者がOSや構成管理ツールの違いを気にすることなく、可読性の高いコードでサーバの設定状態を容易にテストできるようになり、サーバの運用・管理コストを低減できる。提案するテストフレームワークをServerspecと名付けた。提案手法の評価は、生産性、保守性に加え、拡張性、実装公開後の影響の4つの観点で行った。, 0
https://ipsj.ixsq.nii.ac.jp/ej/?action=pages_view_main&active_action=repository_view_main_item_detail&item_id=204279&item_no=1&page_id=13&block_id=8, IoT機器には機器の管理や操作のためのWebUIを持ちインターネットに接続可能な機器が多数存在する。それらの機器のなかには、脆弱性や認証の問題を抱えたままインターネット上に公開されているものが存在する。本研究ではIoT機器の実機を用いることでハニーポットを構築し、WebUIに対する攻撃の観測を行う。観測結果にはWebサイト公開用の通常のWebサーバに対する攻撃も観測されるため、観測対象機器向けの攻撃を判別する指標を示す。次に、自動化されている攻撃の特徴を示し、IoT機器向けの攻撃を分析する手法を提案する。提案手法をもとに検証実験を行い、特定のIoT機器向けの攻撃が自動化されている実態を示す。, 0
https://ipsj.ixsq.nii.ac.jp/ej/?action=pages_view_main&active_action=repository_view_main_item_detail&item_id=204281&item_no=1&page_id=13&block_id=8, ハードウェア技術の進歩により、不揮発性メモリが登場している。この登場を受け、計算機は、実メモリとして、揮発性メモリと不揮発性メモリを混載する構成が考えられる。この環境を想定し、仮想記憶機構が2つのメモリの特徴を生かしたプログラムの実行をできるように、新しい実行プログラムのファイル形式(OFF2F:Object File Format consisting of 2 Files)が提案されている。本論文では、仮想記憶機構の要求時ページング(ODP:On Demand Paging)機能の下でOFF2Fプログラムを実行する際、CoW(Copy on Write)機能を考慮したページ例外(PF:Page Fault)処理について述べ、PF処理の時間を定式化し、OFF2Fプログラムを実行することによるPF処理時間の短縮効果を示す。また、OS初期化処理時間の短縮効果を述べる。, 0
https://ipsj.ixsq.nii.ac.jp/ej/?action=pages_view_main&active_action=repository_view_main_item_detail&item_id=204286&item_no=1&page_id=13&block_id=8, 褥瘡(床ずれ)予防の看護基礎教育においてボディメカニクスの理解や体位変換技術の習得が必須である。技術習得には、体位ごとに身体部位にかかる圧力を把握する能力が必要である。そこで、我々は、理解を促進し、短期間での技術習得を補助するシステムを、布圧力センサを基に開発している。本システムは、体表に加わる圧力の分布を、布圧力センサを組み込んだ介護用具を用いて可視化する。布であるため、旧来のシーツだけに限らず、体圧分散クッションや枕など、布が使われている多様な場所から体表に加わる圧力を直接計測できることが特徴である。構築した体圧可視化システムによる体圧分散理解の促進効果を、47名の看護学部の学生を対象に対照実験にて調査した。体圧分散の理解度は、被験者が推測した高圧部位の人体図上への書き込みと専門教員が作成した模範回答との一致率を用いて評価した。看護学生を対象とした提案システムの評価結果から、頭部や、クッションを用いた複雑な体位変換時における脚部といった局所的な部位に対する体圧分布理解の促進効果があった。この結果から、体表圧の可視化を用いた効率的な技術習得を補助するシステムの実現可能性が示された。, 0
https://ipsj.ixsq.nii.ac.jp/ej/?action=pages_view_main&active_action=repository_view_main_item_detail&item_id=203131&item_no=1&page_id=13&block_id=8, BCCWJ所収の物語テキスト中の発話文に対して、発話者の意図に基づくタグ付けを行いコーパスを構築した。構築されたコーパスを発話者の年齢、性別、発話者と相手の関係で分析したところ、それぞれ異なった特徴が得られた。また他者の発話への応答のパターンにも話者の属性による違いが表れた。これらの特徴に基づいて属性や状況に合わせた発話の自動生成を行うことができれば、より自然な発話の生成が可能になると考えられる。, 0
https://ipsj.ixsq.nii.ac.jp/ej/?action=pages_view_main&active_action=repository_view_main_item_detail&item_id=203133&item_no=1&page_id=13&block_id=8, 本論文では、同一書写者によると考えられる写本を発見することを目的に、同音の仮名字母の出現頻度率を特徴量として、写本の寸法や字形の類似性の指摘がある、尾州家河内本源氏物語と伝為家筆本源氏物語、梅沢本栄花物語、東松本大鏡を対象とした調査を行った。同一書写者によるとの指摘がある写本間距離の分布を推定し、その90%が該当する距離を閾値として用いた階層的クラスタ分析を行った結果、尾州家河内本源氏物語の一部の巻は、伝為家筆本源氏物語と梅沢本栄花物語の一部の巻と写本間距離が近いことが明らかになった。写本間距離が近い写本は同一書写者または関係者による写本である可能性を指摘できることから、これら写本が同一の書写集団によって書写された蓋然性を高めているといえる。, 0
https://ipsj.ixsq.nii.ac.jp/ej/?action=pages_view_main&active_action=repository_view_main_item_detail&item_id=203134&item_no=1&page_id=13&block_id=8, 本稿では、機械学習を用いて近代の歴史的資料に対して文境界を検出する手法を提案する。近代の歴史的資料は明確な文境界が必ずしも存在しないため、これまで人手作業による文境界の付与が行われてきたが、膨大な資料に対してなかなか作業が進んでいない現状がある。そこで我々は機械学習を用いて文境界を検出する手法を提案する。この手法により膨大な量の資料に対して文境界の一次的なアノテーションを施すことができることに加えて、形態素解析の精度を向上させたことが本研究の貢献である。また、モデルの訓練に日本語の近代語のデータを使用して、複数の機械学習手法を比較して近代の歴史的資料を対象とした文境界推定を行うのは本研究が初めてである。, 0
https://ipsj.ixsq.nii.ac.jp/ej/?action=pages_view_main&active_action=repository_view_main_item_detail&item_id=203135&item_no=1&page_id=13&block_id=8, 本論文では、訓点資料の書き下し文を自動生成することを目的とし、書き下し文を自動生成するうえで問題となる、1つの漢字に複数のヲコト点が付与されている場合の分析を行い、ヲコト点の読み順が定まるかを検証した。ヲコト点は記号訓点の一種で、漢字に付された位置と形状により読みは定まるが、ヲコト点が複数あった場合、順番は定まらない。たとえば「シ」、「テ」、「ニ」と3つのヲコト点がついていた場合に「ニシテ」と順を定めて書き下すためには、読み順の定義が必要である。対象とした資料(国立国語研究所蔵『尚書(古活字版)』)には121種類、のべ672個のヲコト点の組合せが登場するが、いずれも読み順が一意に定まることが確認できた。また、漢字の読み仮名の一部を表す場合のみに使われるヲコト点も抽出することができた。, 0
https://ipsj.ixsq.nii.ac.jp/ej/?action=pages_view_main&active_action=repository_view_main_item_detail&item_id=203136&item_no=1&page_id=13&block_id=8, 複数の包摂粒度を許容する漢字構造記述を内容アドレッシングを用いた分散データモデルの1つであるIPLDに基づいて実現する試みについて述べる。IPLDはMerkle DAGというデータ構造を用いている。これは暗号学的ハッシュを用いてラベル付けされた不変オブジェクトをノードとする有向非巡回グラフであり、オブジェクト間の関係は片方向しか表現できない。この制約の下で編集可能な文字知識を表現するために、不変性の高い基礎的オブジェクトへのリンクを含む複合的なオブジェクトによって可変性のある文字オブジェクトを表現するための形式を提案する。また、IPLDグラフの逆リンクや場所アドレッシングの実現手法について検討するとともに、既存のグラフストレージでの試験的実装についても述べる。, 0
https://ipsj.ixsq.nii.ac.jp/ej/?action=pages_view_main&active_action=repository_view_main_item_detail&item_id=203138&item_no=1&page_id=13&block_id=8, 高齢化による認知症予防や心理ケアの重要性が高まっており、情報工学の分野では対話ロボットを回想法などの心理療法に用いる取組みが進められている。一方で対話ロボットは目新しさにより最初は利用されるものの、長期間の利用を継続させることが難しい。そのため長期実施が前提の心理療法へ適用するには、ロボットが人と良い関係性を維持する技術・手法の確立が必要となる。本論文ではロボットが高齢者との関係性を構築・維持するため、手紙による非同期コミュニケーションを用いる方法を提案し、提案手法が長期関係性に与える効果について調査を通じた仮説を示す。本研究は単発の大規模実験で統計的な結論を出すのではなく、少数の参加者を一定期間にわたって追うケーススタディによって、関係性への効果の時間的な変遷事例を得て、傾向を確認することを重視する。我々は最初に6人の高齢者を対象として、手紙をロボットの作成したものとして渡す条件と、第三者の作成したものとして渡す条件でケーススタディを行う。ケーススタディではロボット対話と手紙提示を隔週で交互に4回実施し、ロボットの印象の時間遷移について調査を行う。また対話データから発話重要度を推定するアリゴリズムを提案し、提案アルゴリズムを用いた非同期コミュニケーションのための手紙生成システムを示す。最後に我々は8人の高齢者を対象として、提案アルゴリズムの有無で手紙内容が異なる2条件を用いた2つ目のケーススタディを実施する。ケーススタディ2も同様に、対話と手紙提示を隔週で交互に4回実施し、関係性の構築・維持に与える影響について、両ケーススタディを通じて形成した仮説を述べる。, 0
https://ipsj.ixsq.nii.ac.jp/ej/?action=pages_view_main&active_action=repository_view_main_item_detail&item_id=203139&item_no=1&page_id=13&block_id=8, 比較的大きな身体動作をともなう作業に対して、自分の物理的・精神的な状態をモニタリングする自己観察が有効であることが知られている。しかし、ごくわずかな身体動作しかともなわない認知的な作業に対する自己観察の有効性については、これまでほとんど検証されていない。そこで、本研究では、視認できないレベルの身体動作しかともなわない音声ストループ課題と、視認できるレベルのごくわずかな身体動作をともなう音声ストループ課題の2つの課題を用意し、被験者実験によって自己観察がこの両課題にどのような影響を与えるかを調査した。その結果、正答率についてはいずれの課題についても自己観察の影響が認められなかったが、反応時間については、視認可能な身体動作をともなう場合には時間短縮が認められたのに対し、身体動作を視認できない場合にはむしろ反応時間が長くなる傾向があることが明らかになった。, 0
https://ipsj.ixsq.nii.ac.jp/ej/?action=pages_view_main&active_action=repository_view_main_item_detail&item_id=203140&item_no=1&page_id=13&block_id=8, 磁石の間に生じる相互作用を用いて、パッシブな力触覚フィードバックを設計する手法を提案する。磁石はこれまで有望な方法でありながらも、数理的な方法で触覚デザインに用いられることはなかった。本稿では、数理モデルを導入することで、磁力計算の複雑さを克服し、可視化と直感的な設計を可能にする手法を説明する。また、高速計算によって計算コストを抑えることで、設計ツールにおけるリアルタイムプレビューとインタラクティブな設計が可能となった。可視化された磁石触覚のパターンについて識別・感性評価を行い、磁石触覚の有用性と制約を検証した。さらに、磁石触覚を用いてタンジブルインタフェースとインタラクティブシステムを拡張するためのアプリケーションを示す。, 0
https://ipsj.ixsq.nii.ac.jp/ej/?action=pages_view_main&active_action=repository_view_main_item_detail&item_id=203143&item_no=1&page_id=13&block_id=8, スマートフォンやタブレットをはじめとする電子端末の普及により、画像や動画などの電子情報の受け渡しは今や日常的に行われるようになった。メールやSNSなどを利用して電子情報を受け渡すためには、送信者は受信者の連絡先を知っている必要があるが、受け渡し相手が初見の相手や、その場限りの相手であると、連絡先を交換することに抵抗を感じるユーザは多いと思われる。この問題を解決するために、我々は、紙をちぎって手渡すことで電子情報を受け渡す方式を提案する。これは、ある紙を2片にちぎり分けたとき、各紙片の破れ目の特徴が合致する性質を利用したアプローチである。, 0
https://ipsj.ixsq.nii.ac.jp/ej/?action=pages_view_main&active_action=repository_view_main_item_detail&item_id=203144&item_no=1&page_id=13&block_id=8, ビデオ会議は、リモート空間とローカル空間の境界であるディスプレイが窓のような役割を持っており2つの空間を分離させているため、ソーシャルテレプレゼンス(遠隔地にいる相手とあたかも同じ部屋の中にいるかのような感覚になることができるという現象)が十分であるとはいえない。本研究では、リモート空間とローカル空間にある物体が境界面でつながっているかのように提示することを「空間の連続性」を示すと定義し、空間の連続性を示すことがソーシャルテレプレゼンスの強化にどのような影響をあたえるのか調査した。空間の連続性を示す方法として、境界面であるディスプレイを貫通しているように見せる物体が、身体以外の固有の形状を持つ指示棒である手法、固有の形状を持たないレーザポインタの光である手法を提案し比較する実験を行った。結果より、ロボットアームといった複雑な形状だけではなく指示棒といった単純な形状を持った物体を提示する方法でも十分な効果があること、レーザポインタの光のような固有の形状を持たない物体を提示する方法では効果がないことが分かった。, 0
https://ipsj.ixsq.nii.ac.jp/ej/?action=pages_view_main&active_action=repository_view_main_item_detail&item_id=203148&item_no=1&page_id=13&block_id=8, 近年、ネットワークの多様化にともない、様々なTCP輻輳制御方式が提案されている。TCP輻輳制御方式はインターネットにおけるトラヒックを特徴づけるため、どのような方式がどの程度使用されているかを解析することは、ネットワーク事業者が自身のネットワークを管理するうえで重要となる。このような解析では多数のTCPフローを自動的に処理することが必要となる。本論文では、機械学習を用いて輻輳制御方式を推定する方法を提案する。提案方法は、ネットワーク内において収集されたデータとACKセグメントの双方を含む通信ログを使用し、ログに含まれる個々のTCPフローに対して、輻輳ウィンドウの時系列を推定する。さらに、この時系列に対して、リカレントニューラルネットワークを用いた識別器を適用し、そのフローの輻輳制御方式を推定する。Linuxオペレーティングシステムに実装された10の輻輳制御方式に適用した結果、代表的な3つの方式は明確に区別でき、また10の方式はいくつかのグループに分類できるという結果を得た。, 0
https://ipsj.ixsq.nii.ac.jp/ej/?action=pages_view_main&active_action=repository_view_main_item_detail&item_id=203149&item_no=1&page_id=13&block_id=8, IoTデバイスを活用可能な領域を拡げるには、それらを柔軟に接続可能な無線メッシュネットワーク技術が有効な手段の1つである。無線メッシュネットワークでは、アクセスポイント(mesh STA)どうしをマルチホップ無線通信によって接続する。通信が混雑した状況では、mesh STA間での経路制御情報の交換自体が、データパケット配送を妨げる確率が高い。さらに、移動頻度の低いmesh STAが配送経路に属する確率が一般に高いため、それらの配下のノードによる通信の品質向上が、ネットワーク全体の品質向上に寄与する。本稿では、経路制御情報を最小化する観点から、各mesh STAが隣接mesh STAから周期的に送信されるビーコンによる情報交換のみで自らの位置情報を規定できるネットワークを構築し、その位置情報のみによって自律的に経路制御を行う手法を提案する。さらに、シミュレーションによる性能評価を通して、移動頻度の低いmesh STA配下のノードの送受信性能として、高パケット転送率のメディアストリームの本数が既存手法であるHWMPより約65%優位であることを示す。, 0
https://ipsj.ixsq.nii.ac.jp/ej/?action=pages_view_main&active_action=repository_view_main_item_detail&item_id=203151&item_no=1&page_id=13&block_id=8, 近年、人による作業が困難な環境や作業の自動化のため、自律移動体の活用が議論されている。このような自律移動体を用いて発生位置や数が不明である未知イベントの探索と処理を行う場合、自律移動体はイベントから発せられる物理情報をセンシングすることで探索を行い、その後イベントに対する能動的処理を行うことが求められる。我々は、これらの複数の未知イベントの探索・能動的処理を行う複数の自律移動体に対して群知能を拡張適用することにより、複数群を適宜構成し有限時間内により多くのイベントの探索・能動的処理を完了する移動センシングクラスタを提案している。移動センシングクラスタは複数群を構成することにより高い探索・能動的処理能力を有するが、複数のイベントから発せられる物理情報によって個々のイベントを識別できることを前提としている。しかし、実環境では自然現象から発生する物理情報に代表されるように、物理情報から個別のイベントを識別することが困難であるケースが想定される。そのような状況では移動センシングクラスタは動的群分離アルゴリズムが機能せず、一群による逐次的な探索・能動的処理となり、それらの完了に時間を要することとなる。本論文では、識別不可の複数の未知イベントに対して複数群による並列性の高い探索・能動的処理を実現するため、突然変異メカニズムを導入した突然変異型移動センシングクラスタを提案する。, 0
https://ipsj.ixsq.nii.ac.jp/ej/?action=pages_view_main&active_action=repository_view_main_item_detail&item_id=203152&item_no=1&page_id=13&block_id=8, トピックベースのPub/Sub通信モデルにおける配信基盤として、SDN技術を活用したPub/Sub基盤(SAPS)が提案されている。SAPSでは、2つの配送方式Application Layer Multicast(ALM)とOpenFlow Multicast(OFM)を併用し、前者のスケーラビリティと後者の配送効率の良さを相互補完的に活用することで、複数Broker間の効率的なメッセージ配送を実現する。SAPSにはALMからOFMへの切替方式として、一斉切替方式(EITHER方式)と逐次切替方式(BOTH方式)が存在している。前者は切替時間が短くOFMの配送効率の良さを享受しやすいがスケールしにくいという課題があり、後者はスケーラビリティに優れ大規模環境に適しているが、オーバレイ上で同じトピックをsubscribeしたメンバを2つのトピックに分けてグループ管理する必要があるため、メンバ不在トピックへのメッセージ転送やOFM切替の遅延時間が増大するという課題があった。そこで本論文では、BOTH方式においてメッセージ数や切替遅延を改善するオーバレイネットワーク管理手法を提案する。メッセージ数については、構造化オーバレイ上の強リレーフリー性を活用し、2トピック間でのメンバ不在トピックへの転送を防ぐ手法を提案した。また、切替遅延については、ノードのjoin/leaveをともなわず、ノードの内部情報を書き換えることで実質的な移行が完了するキー名書換え移行を提案した。実機を用いた検証により、これら提案手法によりメンバ不在トピックへのメッセージ転送がなくなり、かつ、OFM切替遅延を大幅に短縮できることを確認した。, 0
https://ipsj.ixsq.nii.ac.jp/ej/?action=pages_view_main&active_action=repository_view_main_item_detail&item_id=203153&item_no=1&page_id=13&block_id=8, IoT(Internet of Things)において生成されるデータを、時刻などの連続値をキーとして保存・処理可能な分散クラウドストレージ上で消費電力の削減を実現する新たな管理・制御手法VNLB-ESを提案する。VNLB-ESは、分散クラウドストレージシステムにかかるストレージ負荷・検索負荷・処理負荷を、仮想ノードを用いて効率的に複数の物理ノード(計算機)に分散させる機能を備える。また、要求される処理に必要となるリソース量が少ない状況では、仮想ノードが稼働しない物理ノードを確保して、停止/一時停止状態とする機能を提供する。これら2つの機能の組合せにより、物理ノード間の効率的な負荷分散を実現しつつ、システム全体の消費電力を大幅に削減する。シミュレーション評価、および、実機を用いた評価により、VNLB-ESが、既存の負荷分散方式と比べて最大で電力消費量を70%程度削減できることを示した。, 0
https://ipsj.ixsq.nii.ac.jp/ej/?action=pages_view_main&active_action=repository_view_main_item_detail&item_id=203155&item_no=1&page_id=13&block_id=8, スマートフォンやタブレット型端末の普及によって、位置情報を利用する機会が増加している。我々の目的は、誤差数cmのスマートフォン位置情報に基づいた新たなサービスの創出である。高精度な位置推定手法に動的磁気を用いるものがあるが、スマートフォンの磁気センサのサンプリング周波数では既存手法を利用するのが難しい。本研究では回転磁石マーカを用いて、スマートフォンの2次元移動経路を推定する手法を提案する。回転磁石マーカとは、強力な磁石を回転させて動的磁気を発生させる装置である。本研究では一定時間計測した磁気のパターンから経路を推定する手法を提案し、動的磁気によるスマートフォンの移動経路推定を可能にした。我々はまず、回転磁石マーカによる磁気の影響下で、移動しているスマートフォンが計測する磁気の近似式を導出した。次に、計測した磁気に対して導出した近似式でカーブフィッティングし、スマートフォンの移動経路を推定する手法を検討した。さらに、提案手法による推定精度を評価するため、ベルトコンベアを用いてスマートフォンを移動させて実験した。評価実験の結果、回転磁石マーカからの距離が1mの直線経路で、スマートフォンの移動経路を平均誤差9cmで推定可能であった。また、スマートフォンごとの推定精度を比較した結果、スマートフォンの違いによって推定精度に大きな変化がないことを確認した。また、磁石の回転数と推定精度の関係を調べた結果、回転数が2Hzのときに推定精度が最も向上することを確認した。, 0
https://ipsj.ixsq.nii.ac.jp/ej/?action=pages_view_main&active_action=repository_view_main_item_detail&item_id=203158&item_no=1&page_id=13&block_id=8, サイバー攻撃の激化にともない、悪性サイトへのアクセスを防止する技術が求められている。悪性サイトへのアクセス防止を図る既存手法としては、ブラックリストやホワイトリストを用いたものがあるが、ブラックリストは新たな悪性サイトへの即座の追従が困難であるという課題がある。ホワイトリストに関しても、良性サイトを網羅するのが困難なために、そこから漏れた良性サイトへのアクセスも防止してしまい、結果として通常業務への悪影響を生じかねないという課題がある。また、機械学習を用いた判定手法もあるが、100%の精度は困難なため、同様に良性サイトへのアクセスを防止してしまう可能性がある。そこで、これらの課題を解決する手法を提案する。提案手法は、機械学習の方式をベースにしつつ、悪性と判断したサイトへのアクセスを即時遮断するのではなく、機械には突破困難な追加認証を課し、突破できなかった場合のみアクセスを遮断する。これにより、機械学習方式の利点を享受しつつ、業務遂行に必要なサイトを誤って悪性と判定した際の業務阻害を緩和する。また、人間によるアクセスを非悪性サイト、マルウェア等による機械的なアクセスを悪性サイトとして機械学習モデルの判定結果と結果が正しかったか否か判定することが可能となる。この判定結果を機械学習モデルにフィードバックすることにより、運用の中での自律的な判定精度向上を図る。本稿では、提案手法の設計を述べるとともに、提案手法を実装・評価し、悪性サイトへのアクセスを遮断しつつ、追加認証結果を用いることにより機械学習モデルの精度向上や精度低下抑制が可能なこと、処理性能が実用の範囲内であることを確認した。, 0
https://ipsj.ixsq.nii.ac.jp/ej/?action=pages_view_main&active_action=repository_view_main_item_detail&item_id=203160&item_no=1&page_id=13&block_id=8, モバイルクラウドセンシング(MCS)において、報酬や誤情報の拡散を目的として低品質データを送信するユーザの存在が指摘されている。対策の1つとして、ユーザの評価値を考慮したインセンティブメカニズムが提案されている。しかし、システムを持続的に利用した場合に、ユーザのセンシング協力へのモチベーションが低下し、センシング協力ユーザ数の減少が想定される。本論文では、センシングユーザのオークション敗北率を考慮したセンシング参加ユーザ選択と低品質データ送信回数を反映させたユーザの評価値算出を組み合わせ、持続的に多くのユーザがセンシングに協力するMCSのためのインセンティブメカニズムIMSMを提案する。これを実現するために、プラットフォームは各ユーザが送信したセンシングデータ品質やユーザの評価値算出を用いて、オークション勝者の選択や低品質データ収集の抑制を行う。また、コンピュータシミュレーションにより提案手法の有用性を示した。, 0
https://ipsj.ixsq.nii.ac.jp/ej/?action=pages_view_main&active_action=repository_view_main_item_detail&item_id=203162&item_no=1&page_id=13&block_id=8, 計算機システムが実世界と密に連携して動作するためには、論理的に記述・分析できない不確実性に適合するソフトウェアが必要であり、未知の入力値に対して学習データからの推論により出力値を返す機械学習の適用が注目されている。一方、このようなソフトウェアは入力データ空間が定義できず出力値に予測不能性があるため、ソフトウェアの振舞いを確率的にしか把握できない。本稿では、機械学習適用ソフトウェアの高信頼化を目的に、段階的詳細化による演繹的な開発法と機械学習による帰納的な開発法の結合についてテスト・検証の観点から述べ、開発プロセスと制約充足性テスト方法を提案する。我々のアプローチは、演繹的モジュールと帰納的モジュールを分離し、それらをつなぐ部分仕様を設定するとともに、前者については部分仕様が満たされることを前提に論理的な検証を行う一方、後者についてはテストにより部分仕様の充足確率を評価し、論理的な検証結果に確率を付与する。これにより、帰納的に開発した機械学習適用モジュールと演繹的に開発した論理モジュールを、システムの信頼性評価のもとで整合的に結合する。形式手法Event-Bを用いたケーススタディにより、実現可能性を評価した。, 0
https://ipsj.ixsq.nii.ac.jp/ej/?action=pages_view_main&active_action=repository_view_main_item_detail&item_id=203164&item_no=1&page_id=13&block_id=8, 本論文では、ある自動車ボディ系製品の制御ソフトウェアの変種群の開発をフィーチャ指向のプロダクトライン開発方法論による開発に移行した事例を通して、従来の事例報告では詳述されることのなかった、ドメインエンジニアリングプロセスが確立されるまでの過程を詳述する。移行の過程で実施したフィーチャ分析と構造化分析によるリバースエンジニアリングの結果、開発関係者のシステム理解が促進され、製品の特性を考慮したドメインエンジニアリングプロセスが確立されるとともに、対象製品のプロダクトラインアーキテクチャが実現された。最終的に、変種開発に要するコストはクローン&オウン開発を行う際の見積り値の1/3に削減し、一連のリエンジニアリングに投じた費用は3つの変種をリリースするまでに回収できた。, 0
https://ipsj.ixsq.nii.ac.jp/ej/?action=pages_view_main&active_action=repository_view_main_item_detail&item_id=203168&item_no=1&page_id=13&block_id=8, スーパコンピュータ「京」向けに開発されたコンパイラの最適化技術の代表格として、ソフトウェアパイプライニングがあげられる。「京」では、SPARCアーキテクチャの拡張機能HPC-ACEとして拡張レジスタ(128本のSIMDレジスタ)が追加された。ソフトウェアパイプライニングの技術は、多数のアーキテクチャレジスタを活用できるようになったことを基盤にして実装されている。次期のポスト「京」では、アーキテクチャとしてArmv8-Aアーキテクチャ、HPC拡張としてSVE(32本のSIMDレジスタ)が採用される。そこでソフトウェアパイプライニングをSIMDレジスタ数の観点を中心として評価し、「京」からポスト「京」への技術継承が可能か否かを考察し、ポスト「京」の開発に向けた提案を行う。, 0
https://ipsj.ixsq.nii.ac.jp/ej/?action=pages_view_main&active_action=repository_view_main_item_detail&item_id=203169&item_no=1&page_id=13&block_id=8, 我々の研究グループではクラウドソーシングと電波伝搬シミュレーションの併用によりWi-Fiアクセスポイント(AP)の情報とその電波強度地図を含んだWi-Fiデータベースを構築している。それらの情報は実際の街区におけるWi-Fi通信環境の再現などに有用であるが、たとえばユーザの移動にともなうスマートフォンアプリの体感品質を実際の利用環境に即して調査したい場合、Wi-Fiデータベースに基づく現実環境のWi-Fi通信環境を再現し提供するとともに、現実環境内のユーザの振舞いもエミュレートできることが望ましい。そこで本研究では、構築したWi-Fiデータベースと3次元都市モデルを用いてVR(Virtual Reality)空間上に都市環境およびWi-Fiの電波伝搬環境を再現する。VR上では、開発したスマートフォンアプリの画面表示とリアルタイム操作を可能とする。これらにより、複数の公衆Wi-Fiサービスが混在する環境においてユーザの現実環境の振舞いに応じたアプリQoEをVR空間上で調査可能とする手法を提案する。秋葉原の都市環境をVR空間上に再現し、ハンドオーバが頻繁に起こるような環境下で様々なAP選択方式の下での動画アプリのテストを行った結果、実験を行った場所においては5GHz帯のAPを優先的に利用することで動画の停止回数が約67%に減少し、体感品質が向上することを確認した。, 0
https://ipsj.ixsq.nii.ac.jp/ej/?action=pages_view_main&active_action=repository_view_main_item_detail&item_id=203170&item_no=1&page_id=13&block_id=8, 大量のプログラムからソフトウェアの盗用を発見するために、ソフトウェアバースマークが提案されている。バースマークは、プログラム中の特徴を抽出し比較を行い盗用を発見する技術である。従来のバースマークで想定している対象のプログラム数は数百から数千程度であり、それを超えて比較する場合、現実的な時間では比較できない場合もある。そこで本稿では、対象となるプログラムの大幅なスケールアップかつ、盗用検出に要する処理時間の短縮を目的とする。そのために、対象プログラムの比較の前に、精度は高くないが高速に比較できる手法を用いて、無関係なプログラムを除外することを考える。これを絞り込み段階として、従来の抽出段階、比較段階の間に導入する。提案手法に基づき、バースマーク絞り込みシステムMitubaを構築し、実験を行った。評価項目は所要時間、絞り込み率、誤検出、検出漏れ、精度、そして、保存性の6項目である。結果は、盗用か否かを判定するための閾値が0.2のとき、所要時間は従来の40%以下に抑えられ、80%以上のプログラムが無関係と判定された。残ったプログラムのうち、誤検出は90%程度と非常に高いものの、検出漏れは0%であり、精度も70%以上となっている。また保存性評価においても、一番強力な難読化が施された場合であっても80%以上のプログラムを見つけ出せ、良好な結果を示している。これらの結果をもとに最適な閾値を議論した結果、標準的には0.6程度の閾値が最適であるが、ユーザの問題設定によっては、閾値が0.2でも本手法は有効であることを示した。, 0
https://ipsj.ixsq.nii.ac.jp/ej/?action=pages_view_main&active_action=repository_view_main_item_detail&item_id=203171&item_no=1&page_id=13&block_id=8, Privelet法は、差分プライバシ基準に準拠しつつ、部分和精度にも優れており、プライバシが保護されたデータのスケーラブルな活用を可能にする。このPrivelet法に非負精緻化処理を組み込むと、高い部分和精度を維持しつつ、さらに、「非負制約の逸脱」や「疎データの密度急増」という2つの問題への対処も可能となる。この手法の場合、非負精緻化をともなう逆Wavelet変換(Top-down精緻化)部分に枝刈り処理を導入することで、演算を効率化することができる。しかし、その効果の程度、性質などについては、いまだ明らかにされていない。そこで本稿では、演算効率化が期待できる実装法を用いて、枝刈り処理の性能面に対する評価を行い、さらにその特性についての考察を行う。, 0
https://ipsj.ixsq.nii.ac.jp/ej/?action=pages_view_main&active_action=repository_view_main_item_detail&item_id=203174&item_no=1&page_id=13&block_id=8, 近年、多くのアプリケーションは時系列データを生成しており、その時系列データを分析することに注目が集まっている。最も重要な時系列データの分析の1つに異常検知があり、ディスコードの発見は時系列データ中の異常なサブシーケンスの発見に対応する。ディスコードとは、時系列データの中のすべてのサブシーケンスの中で、最近傍のサブシーケンスとの距離が最大となるサブシーケンスである。時系列データは本質的に動的であるため、ストリーミング時系列データのディスコードをモニタリングすることは非常に重要である。本論文では、スライディングウィンドウ上でストリーミング時系列データのディスコードを効率的にモニタリングするSDM(Streaming Discord Monitoring)を提案する。また、SDMを近似アルゴリズムに拡張し、精度の保証をしたうえでより効率的にディスコードをモニタリングする。実データを用いた実験により、SDMおよびその近似アルゴリズムの有効性を確認する。, 0
https://ipsj.ixsq.nii.ac.jp/ej/?action=pages_view_main&active_action=repository_view_main_item_detail&item_id=203173&item_no=1&page_id=13&block_id=8, インシデント調査では、分析者が被害の発生した環境からネットワーク・端末レベルのログを収集・分析し、攻撃者の一連の行動である攻撃シナリオを再構築することが必要となる。しかし、既存手法では攻撃シナリオを再構築できておらず、分析者は依然としてインシデント調査に多くの時間を費やしている。本論文では、インシデントが発生した際に収集したログから、攻撃シナリオを再構築する手法を提案する。インシデントに関係するログを抽出する手法はすでに多く提案されているが、攻撃シナリオを再構築するものはいまだに存在していなかった。提案手法では、攻撃者の行動を行動表現文法ELLで定義する。ELLで定義された行動を、収集したログから検出し行動間の関連付けを行った後、攻撃シナリオとして再構築する。評価では、実際のインシデントを再現し収集したログを用い、既存手法と比較することにより提案手法の有効性を示す。, 0
https://ipsj.ixsq.nii.ac.jp/ej/?action=pages_view_main&active_action=repository_view_main_item_detail&item_id=202725&item_no=1&page_id=13&block_id=8, 近年の技術の進歩により、3次元点群データは、地上レーザスキャナや距離画像センサ、MMS(Mobile Mapping System)といった様々なセンサ機器を利用して、容易に取得できるようになった。この3次元点群データは、自動運転や構造物の維持管理、災害時の状況把握など多岐にわたる利用用途がある点で非常に注目されている。これらの分野で効果的に3次元点群データを活用するには、撮影視点や取得時間の異なるデータを1つにまとめる位置合わせ(レジストレーション)の処理が重要である。3次元点群データの位置合わせ手法の現状は、ICP(Iterative Closest Point)を利用した事例や研究が大半である。ただし、これらの手法は、点と点を誤差なく一致させるパターンマッチング手法の延長であるため、計測箇所や点群密度などが異なると、同じ撮影方法で点群の密度が非常に多いデータなどでしかうまく位置合わせできないのが現状である。そこで、本研究では、既存の課題を解決する手法を構築するために3次元点群データから平面を抽出し、平面と平面の交線を用いて位置合わせする手法を提案する。この手法は、点と点をマッチングしないため、計測箇所の問題や点群密度の問題の影響は受けないという利点がある。, 0
https://ipsj.ixsq.nii.ac.jp/ej/?action=pages_view_main&active_action=repository_view_main_item_detail&item_id=202729&item_no=1&page_id=13&block_id=8, 画像を通して見たものの大きさと、実際に見たものの大きさの印象を一致させることは難しい。本研究は、情報としてのサイズを伝えるだけではなく、対象を見たときに感じる大きさの印象を伝えることができる画像メディアの実現を目的としている。本論文では、確信を持って大きさを感じるために、対象物を参照物体と並べて撮影した画像を、画像に写っている参照物体を手に持った状態で観察する方法に取り組んだ。大きさの比較対象となる参照物体の種類として、マッチ棒やコインのような1次元、2次元的なものに加えて、3次元的なものも含めて実験した。今回の実験の条件の範囲では、大きさの判断および判断に対する確信の強さに対し、参照物体の種類の影響はほとんど見られなかったが、参照物体に対して対象物が小さいときより大きいときのほうが、参照物体により大きさ判断の確信度を高める効果は小さい傾向が見られた。これらの結果は、単純な形状であるホットケーキの食品サンプルを用いた限定された条件によるもので、対象物の形状や撮影角度などの条件を変えたさらなる実験が必要である。, 0
https://ipsj.ixsq.nii.ac.jp/ej/?action=pages_view_main&active_action=repository_view_main_item_detail&item_id=202733&item_no=1&page_id=13&block_id=8, 音声中で検索したいキーワードが話されている箇所を特定する音声中の検索語検出(STD:Spoken Term Detection)の研究がさかんに行われている。 検索精度向上のために、先行研究として高順位候補を含むドキュメント内のすべての候補の照合距離を有利にする方式等が 提案されている。 本論文では、クエリを含む講演内で話されるトピックの内容に関連してクエリと共起する単語をクエリの関連語と呼び、関連語は当該講演内に複数回出現すると仮定する。 クエリの関連語を特定するため、本論文ではWord2vecを用いた単語の分散表現が有効と考える。 音声ドキュメントの単語認識結果中の各単語をWord Vector化し、クエリのWord Vectorと比較し、類似度を求めることでクエリの関連語を取得する。 一方、未知語(OOV:Out-of-Vocabulary)クエリは単語認識結果に出現しないためWord Vectorを算出できないため、本論文ではWeb検索を併用する方式を採用し、クエリでWeb検索し得られたテキスト中の出現単語もWord2vecに用いてクエリの意味的情報を補い、未知語クエリのWord Vectorを算出できるようにする。 これにより、未知語クエリに対応させることができ、既知語(IV:In Vocabulary)、 未知語いずれのクエリでも関連語を的確に求められると考える。 以上のようにして、クエリの関連語を特定し、関連語を含むドキュメント内のすべての候補の距離を有利にすることで検索精度の向上を図る。 NTCIR-10、12のFormal Runの2種のテストセットを用いて評価した結果、両テストセットで検索精度が向上した。 また、先行方式と併用することでさらに精度が向上し、提案方式の有効性を確認できた。, 0
https://ipsj.ixsq.nii.ac.jp/ej/?action=pages_view_main&active_action=repository_view_main_item_detail&item_id=202735&item_no=1&page_id=13&block_id=8, ポイント制度の形態としては、各店舗が独自のポイントを用いる形態のほか、商業地域コミュニティに属するすべての店舗で共通のポイントを利用する形態も存在する。後者の形態による取り組みは、魅力があるものの知られていないような店舗を存続させるうえで重要な役割を果たす。このようなポイント制度を有効に活用するためには、商業地域コミュニティにおいて消費者はどのような行動をするか、を予測することが重要となる。しかし、周囲の店舗がどのようにポイントを付与しているかによって、ポイント付与による効果は大いに変化しうるため、その予測は難しい。そこで本研究では、各店舗に付与したポイント数を考慮した消費者行動モデルを提案する。そして、本モデルを用いたシミュレーションによって、先のような商業地域コミュニティにおける消費者行動を予測する。さらに、シミュレーションによる予測値を実社会で収集した実データと比較することで、提案モデルの妥当性について検証するとともに、ポイント付与手法の違いによって生じる消費者行動への影響について分析する。その結果として、提案モデルは、ポイント付与制度を適用しない場合と値引き額に基づいたポイント付与制度を適用する場合において妥当であることを示すことができた。さらに、値引き額に基づいたポイント付与制度を適用する場合、消費者は店舗利用に際して金銭的コストや時間的コストがかからない店舗へ訪問する可能性があることが推測できた。