https://ipsj.ixsq.nii.ac.jp/ej/?action=pages_view_main&active_action=repository_view_main_item_detail&item_id=206181&item_no=1&page_id=13&block_id=8","パクラミナイ犯罪予測とは、犯罪の発生履歴データから近い将来における犯罪発生場所を予測する技術で、警察のパトロールにおける利用が始まっている。本論文は、離散的な犯罪発生履歴データに時空間カーネル密度推定を適用して、発生件数密度分布の高密度エリアを犯罪発生場所として予測する、犯罪予測手法を提案する。カーネル関数のパラメータであるバンド幅は、パトロール実施可能な面積割合を制約条件として与え、その面積分の場所を予測した場合の予測件数的中率が最大になるように、発生履歴データを機械学習して推定する。これによりパトロールに割り当てるリソース量の多寡を最適バンド幅に反映する。既存手法ではこのようなパラメータ設定は犯罪学における知見に基づいて行う必要があったが、提案手法はそれを不要にする。米国立司法省研究所の公開データを用いた実験で、提案手法で得られた罪種ごとの最適バンド幅の傾向は、犯罪学における既存の知見と合致した。さらに、比較手法として犯罪発生集中場所を意味するホットスポットを分析する既存手法を改良して用いた実験で、罪種ごとの平均予測件数的中率を評価し、提案手法の犯罪予測への有効性を確認した。",0
"https://ipsj.ixsq.nii.ac.jp/ej/?action=pages_view_main&active_action=repository_view_main_item_detail&item_id=206183&item_no=1&page_id=13&block_id=8","本研究では、外国語学習者の習熟度に適した発音学習用資料の自動選択に向けて、発音適合度推定システムを提案し、その有効性を評価した。従来とは異なり、(1)発音適合度を発音の容易さと発音の正確さの加重和として求め、(2)発音適合度を目的変数とし、文の言語的要因と学習者要因を説明変数とした非線形回帰を行った。提案システムを構築するために訓練事例集を作成し、その信頼性と妥当性を古典的テスト理論に基づいて検証した。その結果、発音適合度の信頼性と妥当性が確認できた。構築した発音適合度推定システムの有効性を評価するために、機械学習手法と言語的および学習者要因とが発音適合度推定性能に及ぼす影響を検証した。その結果、線形重回帰よりも非線形回帰の方が、発音適合度推定性能が高いことと、発音適合度推定に有効な要因は学習者の習熟度であることが明らかになった。",0
"https://ipsj.ixsq.nii.ac.jp/ej/?action=pages_view_main&active_action=repository_view_main_item_detail&item_id=204878&item_no=1&page_id=13&block_id=8","マイクロブログやレビューサイトなどの情報サービス上の膨大な情報からユーザの共感や興味を喚起する情報を提供することは重要である。情報サービス上の発言には、感想や評価などのようなユーザがコンテンツに対して抱いた感情を含む発言が多く存在する。このような感情を考慮することで共感や興味を抱くコンテンツの推薦が可能である。しかし、協調フィルタリングのように類似したユーザから推定される感情を考慮するだけでは、推薦対象となるコンテンツがユーザの感情に与える影響は十分に考慮されていないため、コンテンツが与える感情との関係を考慮する仕組みが必要である。本研究では、コンテンツのユーザに与える感情を考慮したコンテンツ推薦手法を提案する。提案手法は、コンテンツに対してユーザが抱く感情およびコンテンツが与える感情を、ユーザの発言履歴から感情判定モデルにより8種の感情値として算出する。推薦処理では協調フィルタリングを適用することにより、ユーザの感情間の類似性に基づいて、未知のコンテンツに抱く感情を算出し、コンテンツが与える感情との関係性を考慮したコンテンツ推薦を行う。ユーザが抱く感情に類似した感情を与えるコンテンツを提示することで、そのコンテンツに対するユーザの興味を高める効果が期待できる。本研究では、マイクロブログの1つであるTwitterを対象とした実験により、提案手法の実現可能性と有効性を検証する。",0
"https://ipsj.ixsq.nii.ac.jp/ej/?action=pages_view_main&active_action=repository_view_main_item_detail&item_id=204604&item_no=1&page_id=13&block_id=8","留学生に対する留学地域の観光支援は、国際文化交流の面から促進されるべきである。そこで、著者らは観光支援システムを開発・運用し、留学生の留学地域での観光行動を支援してきた。一方、より実際的な観光支援を行うことが可能になるため、留学生の観光行動を把握することが重要である。しかし、留学生の観光行動特性を実態に即して明らかにする研究は、ほとんどない状況にある。そこで、本研究は観光支援システムの運用データに基づいた留学生の観光行動特性分析の手法を提案するとともに、提案手法とその活用可能性を検討することを目的とする。具体的には、留学生の観光傾向と属性ごとの分析、観光計画および現地観光との比較分析、そして外国人観光客との比較分析の3つの分析視点からなるフレームワークを整理し、それを基礎とする分析手法を提案した。提案手法を評価した結果、留学生の訪問地傾向、観光計画と現地観光の移動特性、外国人観光客の観光行動との違いなど留学生に特有な観光行動特性を確認できたため、提案手法の有用性が示された。さらに、本分析の活用可能性を考察した結果、提案手法は他地域へ展開可能であることや、分析結果はステークホルダーへ活用できることといった知見が得られた。",0
"https://ipsj.ixsq.nii.ac.jp/ej/?action=pages_view_main&active_action=repository_view_main_item_detail&item_id=204605&item_no=1&page_id=13&block_id=8","ITILはシステム運用における事実上の世界標準であるが、導入の難易度が高く、それが多くの企業等の課題となっている。その成功要因の1つはシステム運用者の主体性にあるが、それはどのように獲得されるのか明らかではない。以上の背景・課題から、本研究では「ITIL導入において、システム運用者はどのように主体性を獲得するのか、その変容の段階を明らかにすること」を目的とする。そのためITIL導入を経験したシステム運用者18名にインタビュー調査を行い、M-GTAで分析することにより、システム運用者の変容をモデル化した。システム運用者は、ITIL導入前はネガティブな感情を持ち、導入初期も生みの苦しみを感じるが、その後上司・同僚からの精神的な支援を受けながらITILの意義を理解して行動も変化していることが分かった。さらに本稿では、その分析結果から、システム運用者が変容するために、①小さな成果を生み出す、②意義を語る立場にする、③精神的な支援を行う、④ITILの知識を付与する、という4つの有効な施策を提示する。",0
"https://ipsj.ixsq.nii.ac.jp/ej/?action=pages_view_main&active_action=repository_view_main_item_detail&item_id=204607&item_no=1&page_id=13&block_id=8","攻撃ツールの進化によりWebアプリケーションに対する攻撃数は増加の一途をたどっている。IDSはこれらの攻撃を検知し、システム管理者に通知する役割を担っている。IDSはその形態からネットワーク型(NIDS)およびホスト型(HIDS)に大別される。HIDSはホスト上で観測できる細かなイベントに基づいて攻撃の成否を判定できるためより精度が高い通知が可能である。しかし、システムコールやデータベースへのSQLクエリ発行の情報のみを入力として利用しており、これらの情報がどのHTTPリクエストによって発生したものであるか関連付いていない。そのため、被害の原因調査に必要な攻撃対象のWebアプリケーションのURLや攻撃元などの情報を出力できず、管理者がこれらの情報を手動で特定する必要があり、時間を要する。本研究では、HIDSの入力であるシステムコールやSQLクエリ発行などのイベントをそれらを発生させたHTTPリクエストを処理したスレッドのIDと高精度な処理開始および終了時刻に基づいて関連付けを行うことで、HIDSで検知した際に管理者が攻撃対象のWebアプリケーションのURLや攻撃元のIPアドレスを特定できるようにする。評価では、提案手法が誤った関連付けをすることがなく、Webアプリケーションに与えるパフォーマンス低下を5%程度に抑えた実用的な手法であることを示す。",0
"https://ipsj.ixsq.nii.ac.jp/ej/?action=pages_view_main&active_action=repository_view_main_item_detail&item_id=204608&item_no=1&page_id=13&block_id=8","秘匿大小比較プロトコルは、効率的なマルチパーティ計算(MPC)を実現する上で重要なプロトコルであることから、多くの研究がなされており、Shamirの(k,n)しきい値秘密分散法を用いた方式も多数提案されている。本稿では、3パーティのShamirの(2,3)しきい値秘密分散法上において、ランダム置換プロトコルを用いることにより、5ラウンドで実現可能な大小比較プロトコルを提案する。また、ラウンドと通信量に関して既存手法との比較を行い、本方式の有用性を示す。",0
"https://ipsj.ixsq.nii.ac.jp/ej/?action=pages_view_main&active_action=repository_view_main_item_detail&item_id=204610&item_no=1&page_id=13&block_id=8","機械学習の進歩により、機械学習を利用して創作された絵画、音楽、小説などの「創作物」(Machine aided creative works- MACW)を利用できる可能性が高まってきた。機械学習を利用した「創作物」の生成手法とその品質は、現在急速に進歩しており、近い将来幅広い範囲で高品質な作品の利用が可能になると予想される。本論文では、このような機械学習を利用して創作された創作物の知的財産的価値への寄与を評価する場合における諸問題を論ずる。まずこれらの知的財産的価値への寄与の評価において、入力(操作やデータ)の情報量を基礎として、なんらかの測度が与えられないかを検討する。検討の結果として筆者は、入力の単純な「情報量」による測度はMACWの各入力が持つMACWの知的財産的価値への寄与を必ずしも適切に反映しないと結論する。次に、生成されたMACWの人による評価をMACWの入力の知的財産的価値への寄与の評価に反映する方法を検討する。人による評価による創作物の価値は、MACWの入力の多くの要因に分解されうる。そこで、統合されたMACWへの人による評価に対する複数の要因の寄与を評価に組み入れるための簡単な数量モデルを提案する。",0
"https://ipsj.ixsq.nii.ac.jp/ej/?action=pages_view_main&active_action=repository_view_main_item_detail&item_id=204611&item_no=1&page_id=13&block_id=8","2008年に日本においても新しい学習指導要領が改訂され、公式を暗記して計算練習する旧来の統計教育ではなく、データに基づく科学的な問題解決力をコンピテンシーとして定着させる、新しい枠組みの下での統計教育を指向している。しかし、一般に、データ分析の経験がなく、抽象化された演繹的思考法を主に教授してきた学校の教員にとって、どのようにこの授業を展開していけばいいのか、現場の戸惑いの声は大きい。そこで、統計分析の知識や経験がなくても、計算の仕方や数式、公式が分からなくても、適切かつ手順をふんだ関連のある複数の検定結果が同時に得られ、また、採用できる検定結果とできない検定結果が視覚的に見分けられる機能を備えた統計的検定の学習支援システムを開発した。本システムを用いることで、比較したい群をドラッグアンドドロップで指定するだけで正規性の検定から多重比較まで23種類の検定結果が得られる。受講者数100人を超える大学3年生の授業でシステムの有用性を確認した。授業実施前と後における対応のある差の検定結果、高い有意差が認められた。ユーザはシステムのマニュアルを読むことで自主的に各種検定手法を学ぶことができることが示唆された。",0
"https://ipsj.ixsq.nii.ac.jp/ej/?action=pages_view_main&active_action=repository_view_main_item_detail&item_id=204319&item_no=1&page_id=13&block_id=8","本稿では、音楽音響信号を音楽的に意味のあるひとまとまりの区間(セクション)に分割し、それらをいくつかのクラスに分類する音楽構造解析手法について述べる。我々は、音楽構造を決定する3つの基本的側面、すなわち各セクション内における音色の同質性、同じクラスのセクションにおけるコード進行の反復性、およびセクション長の規則性に着目し、これらを確率的な枠組みで統一的に取り扱うための階層隠れセミマルコフモデルを提案する。本モデルは、セクション系列とコード系列に対応する2階層の潜在変数系列を持ち、音色特徴量(メル周波数ケプストラム係数)とコード特徴量(クロマベクトル)を観測変数系列として出力する。まず、上位のセクション系列は、各セクションの継続時間長を考慮したセミマルコフモデルに従うと仮定し、音色の同質性を担保するため、セクションクラスごとに音色特徴量の出力分布を仮定する。一方、下位のコード系列は、同じクラスのセクションでは同じ順序でコード進行が反復されるように、セクション条件付きLeft-to-Right型マルコフモデルに従うと仮定する。各パラメータに共役事前分布を導入してベイズモデルを構成することにより、セクション数とコード数を過剰に設定しても、観測データに合わせて適切な個数のセクションとコードからなる潜在変数系列を推定できる。実験により、同質性と規則性の統合による性能向上を確認した。また、提案法による音楽構造解析結果は正解データと類似する統計的性質を持ち、分割・分類精度において代表的な既存手法より優れていることを確認した。",0
"https://ipsj.ixsq.nii.ac.jp/ej/?action=pages_view_main&active_action=repository_view_main_item_detail&item_id=204322&item_no=1&page_id=13&block_id=8","本論文では、与えられた楽曲のドラムパターンを差し替えるシステムTransDrumsを提案する。TransDrumsに2つの楽曲(元となる楽曲:B楽曲、置換するドラムパターンを提供するソース楽曲:S楽曲)が与えられると、B楽曲のドラムパターンが対応するS楽曲のドラムパターンで置換され、音響信号として新しい楽曲が生成される。音楽的に一貫性のある置換を実現するために、ドラムパターンの大域的構造を考慮する。まず、各楽曲から1小節ごとにフィルインなどに着目してドラムパターンを抽出し、それぞれクラスタリングを行い、ドラムパターンの遷移行列を作成する。次に、B楽曲とS楽曲の間で最もドラムパターンの遷移が類似するよう、ドラムパターンどうしの最適な割当てを全解探索する。そして、B楽曲のドラムパターンをS楽曲の割り当てられたドラムパターンで置換する。ドラムパターンciからcjへの遷移の傾向は条件付確率と見なすことができるので、遷移行列どうしの類似度は確率分布どうしの距離から計算できる。評価実験では、遷移確率の類似度判定にJensen-Shannon情報量を用いた。実験結果より、TransDrumsはB楽曲のフィルインを含む小節を、S楽曲のそれを含む小節で、B楽曲のフィルインを含まない小節はS楽曲のそれを含まない小節で適切に置き換えることが示された。",0
"https://ipsj.ixsq.nii.ac.jp/ej/?action=pages_view_main&active_action=repository_view_main_item_detail&item_id=204326&item_no=1&page_id=13&block_id=8","声道長の縮小や拡大を模して、スペクトル包絡の周波数軸を伸長圧縮した声質変換音声では、基本周波数(fo)の高低関係と、声の高さの印象評価が逆転することがある。このピッチ感の錯覚が起こる条件を精査するため、標準fo軌跡、平坦fo軌跡、逆相fo軌跡、疑似歌声、疑似ささやき声による評価実験を行った。その結果、標準fo軌跡と逆相fo軌跡ではピッチ感の錯覚が生起したが、平坦fo軌跡では消失した。疑似歌声条件では錯覚量はやや低下したが、foの高低によるピッチ感への支配性は必ずしも検証されなかった。一方、foや調波構造が存在しない疑似ささやき声では、スペクトル周波数軸の伸縮に呼応した高低判断がなされていた。",0
"https://ipsj.ixsq.nii.ac.jp/ej/?action=pages_view_main&active_action=repository_view_main_item_detail&item_id=204327&item_no=1&page_id=13&block_id=8","移動するための機能を有する遠隔操作ロボットは身体性が大きく異なる場合や操作に遅延が生じる場合、操作者がロボットの移動を自身の動きであると感じる身体的一体感やロボットと同じ空間にいるように感じる空間的一体感が得られにくい。そのような操作状況において、身体的・空間的一体感を強化するため、本研究ではロボットの遠隔操作に直接関係しない音楽に同期した自律動作(音楽同期動作)を操作者に提示する手法を提案した。コースに沿ってロボットを遠隔操作する実験を行った結果、音楽同期動作は音楽に同期した操作を促進し、操作者とロボットとが同調することによって身体的・空間的一体感を強化できる可能性が示された。",0
"https://ipsj.ixsq.nii.ac.jp/ej/?action=pages_view_main&active_action=repository_view_main_item_detail&item_id=204330&item_no=1&page_id=13&block_id=8","情報システムの要求定義においては、ステークホルダの要求を的確に把握することが重要である。このステークホルダの要求は、要求仕様として記述される。要求仕様の分析者は、要求仕様の性質を明らかにし、要求仕様に重複、矛盾、漏れがないことを確認するため、要求仕様の分類を行う。要求仕様の分類に関するノウハウは、経験豊富な分析者の暗黙知となっている場合が多いため、経験が少ない分析者では、要求仕様の分類に多大な時間を要したり、分類の結果に一貫性を欠くことがある。これまでに著者らは、非機能要求に着目し、要求仕様が非機能要求のどの種別に属するのかを深層学習を用いて自動分類する手法を試行した。本研究では、要求仕様の自動分類の範囲を機能要求と非機能要求の両方に拡張した深層学習による要求仕様の自動分類手法を提案する。提案手法の有効性を確認するため、提案手法に基づき作成した分類モデルの精度を評価する実験を行った。",0
"https://ipsj.ixsq.nii.ac.jp/ej/?action=pages_view_main&active_action=repository_view_main_item_detail&item_id=204331&item_no=1&page_id=13&block_id=8","イベントベースなシステムにおいて、「起こるべき事象がつねにいつかは起こる」という活性や「起こるべきでない事象はけっして起こらない」という安全性が保証可能かは動作環境に依存する。システムの動作環境のモデルと振舞いに対する要求を入力として、要求が保証された仕様を自動合成する離散制御器合成が研究されてきた。離散制御器合成では環境と要求からゲームを構築し、そのゲームに勝利できるような戦略を仕様として出力するが、保証可能な要求が入力されなければ勝利戦略が立てられず仕様は合成できない。このため開発者には保証可能な要求を特定することが求められた。与えられた環境と要求から保証可能な要求を特定する研究は行われているが、対象のドメインを絞ったり扱う要求を安全性のみに限定したうえでの実現であった。そこで本研究では活性と同時に保証可能な安全性を特定するためのゲーム定義と特定のためのアルゴリズムを提案する。また、提案アルゴリズムが活性と同時に保証可能な安全性を特定できることを証明し、そしてアルゴリズムの計算量が構築されるゲーム空間の状態数m、遷移数n、扱う安全性の数rに対してO(2nmr)と現実的な計算時間となりうることを確認した。",0
"https://ipsj.ixsq.nii.ac.jp/ej/?action=pages_view_main&active_action=repository_view_main_item_detail&item_id=204332&item_no=1&page_id=13&block_id=8","本稿では、ソフトウェア技術者の素養としての形式手法の体験を目標に、工業高等専門学校(工業高専)の本科4年生のクラス全員に対して形式手法B-Methodの学生実験を実践した。当実験は、形式仕様記述・定理証明とモデル検査の双方を実施項目に含有しており、「フォーマルメソッド利用のレベル」におけるレベル0よりレベル2までの手順をひととおり体験させることを目指す。結果、受講学生より、ツールの使用手順の理解度やB-Methodへの親近感について一定の評価を得ており、ツールを導入したいという希望が出ているなどの一定の関心を得ており、学生の形式手法に対する敷居を下げることに成功しており、目標を達成するものであり、人材の養成確保の問題解決に向けて寄与するものと考える。",0
"https://ipsj.ixsq.nii.ac.jp/ej/?action=pages_view_main&active_action=repository_view_main_item_detail&item_id=204338&item_no=1&page_id=13&block_id=8","開発者の知識不足などの理由でソフトウェア開発中に発生する問題は、「不確かさ」と呼ばれている。本論文では、2つの調査課題について不確かさを分析した:RQ1)Revertに不確かさはどのように関わっているか、RQ2)実際の不確かさは具体的にどのような問題の集合であるのか。結果として、RQ1については、revertコミットではバグの原因が不確かであるため、その対応としてrevertを行ったものが多く存在し、revertedコミットでは例外対応したコミットが後にrevertされるケースが多いことが分かった。一方、RQ2については、OSSプロジェクトに存在する不確かさを、例外的な内容の不確かさ、バグと関連した不確かさ、将来的な変更についての不確かさ、変更内容に対する不確かさ、コードの内容に関わる不確かさの5つに分類することができた。また、最も多い不確かさはバグについての不確かさであることが分かった。解決すべき優先度が高い不確かさとして、バグの原因が曖昧な不確かさと例外的に不適切に処理された不確かさをあげることができる。",0
"https://ipsj.ixsq.nii.ac.jp/ej/?action=pages_view_main&active_action=repository_view_main_item_detail&item_id=204340&item_no=1&page_id=13&block_id=8","ミューテーションテストの高速化のためにミュータント削減に関する研究が多く行われている。ミュータント削減量の限界を解析することは重要な研究トピックの1つである。しかし既存手法は過剰なミュータント削減と削減後のミューテーションスコアの誤差という点で課題を残している。本研究ではミューテーション解析中に引き起こされるエラーの種類を網羅するようなミュータントを選択することと、選択されたミュータントに重み付けをすることで過剰なミュータント削減を防ぐ高信頼なミューテーションスコアの計測方法を提案する。OSSを用いて評価した結果、既存手法よりも削減量は劣るものの、貪欲法によるミュータント選択方法により約40%の実行時間の削減効果が得られた。また、過剰なミュータントの削減の影響を評価するために、バグ検出力を人為的に落としたテストに対してミューテーションスコアを計測したところ、既存手法に比べ提案手法のミューテーションスコアの誤差は少なくなった。",0
"https://ipsj.ixsq.nii.ac.jp/ej/?action=pages_view_main&active_action=repository_view_main_item_detail&item_id=204344&item_no=1&page_id=13&block_id=8","海外では、ATM(Automated Teller Machine)システムは、様々な論理攻撃を受けて不正出金が行われており、深刻な社会問題となっている。既存対策はATM制御部であるPCの保護に重点が置かれているが、ATMの運用では数日おきの紙幣補充回収による内部アクセスや、定期的なPCのソフトウェアやデータ更新が発生するので、PCへのマルウェア侵入の懸念があった。そこで、筆者らは現金処理モジュールといった、ATM内の周辺デバイスに送られるコマンドの真正性を、周辺デバイス自身が検証する「コマンド真正性検証法」を提案した。しかし、磁気カードを用いた出金取引に本検証法を適用すると、既存のセキュリティ制約が少ないために適用箇所や適用の仕方は様々であるうえ、既存運用への影響の最小化といった考慮すべき観点も多数存在するため、適用設計が難しいという問題があった。そこで、本論文では出金取引中の多様な論理攻撃対策、既存運用や周辺デバイス改造への影響最小化を考慮しながら、コマンド真正性検証法をATMに適用する最適なシステム設計法を提案する。",0
"https://ipsj.ixsq.nii.ac.jp/ej/?action=pages_view_main&active_action=repository_view_main_item_detail&item_id=204347&item_no=1&page_id=13&block_id=8","実世界の現象の探究を通して行う実世界学習は重要であるが、従来、学習者同士で活発な科学的探究を共同的に行う際に、学習者の個、あるいは、集団としての行動がどのようにともなわれるかは明らかでない。本研究は、「観察法による、行動観測、行動データの取得、行動の意味情報の抽出過程」を、マルチモーダルセンサデータの階層的抽象化を中核とした計算的過程として、構造化・モデル化するという着想のもと、実世界学習行動の意味の表現・推定を行う実世界型ラーニングアナリティクスを提案する。従来のジグソーメソッドを実世界学習に応用した新しい実践を通して、「学習者らが空間的な集合と離散を繰り返しながら学習を進めている場合、科学的探究が活性化する」という、実世界における行動が知識活動に果たす機能的役割を明らかにした。さらに、学習者の共同的観察行動の時空間的特徴をウェアラブルセンサデータから高精度に推定することで、実世界における科学的探究の活発さを予測できるという知見を得た。",0
"https://ipsj.ixsq.nii.ac.jp/ej/?action=pages_view_main&active_action=repository_view_main_item_detail&item_id=204264&item_no=1&page_id=13&block_id=8","標的型メール攻撃の被害は依然増加傾向にある。標的型メール攻撃を成功させるために、攻撃者は、標的者が正規のメールと区別をつけることが難しく、かつ個人の性格因子や行動特性に応じた標的型メールを作成することを試みる。攻撃者はOpen Source Intelligence(OSINT)やAIツールを活用し、標的者の情報を収集する。このため、「攻撃者が、OSINTツールにより得られる標的者の情報を基に、AIツールにより標的者の性格因子や行動特性を推定し、それらに応じた心理操作テクニックを悪用することで、心理操作効力の高い標的型メールを、標的者ごとに作成する」という新たな攻撃が考えられる。本論文では、本攻撃の危険性を確認するために、「標的型メールの文面に用いられたチャルディーニの法則」と「個人の性格因子および行動特性」との間の関係性を、ユーザ実験により調査・分析した。ユーザ実験の結果、標的型メールの文面において、チャルディーニの法則と、個人の性格因子および行動特性との間には関係性があることが判明した。本研究結果をふまえ、標的型メールに対する教育を今一度見直すためのきっかけを組織に与えることができると期待する。",0
"https://ipsj.ixsq.nii.ac.jp/ej/?action=pages_view_main&active_action=repository_view_main_item_detail&item_id=204265&item_no=1&page_id=13&block_id=8","大語彙音声認識の精度向上にともない、機械翻訳エンジンや対話エンジンと組み合わせた特定環境向けの音声翻訳システムや音声対話システムの実用化が検討されている。しかしながら、汎用的な音声認識エンジンは特定環境のドメインや文脈にそぐわない認識結果を出力する場合がある。このような場合に、特定ドメインや文脈の情報を用いて認識結果を検証し、誤認識の可能性が高い場合にはユーザへの出力を止める機能が求められる。従来、認識結果の検証機能は音声認識エンジンの内部変数を用いて汎用的な系列ラベリングを行うものであったが、本研究では、特定ドメインで得られた少量のログを用いて、音声認識エンジンとは独立に、発声ごとに認識結果に誤りが含まれるか否かの2値分類を行う音声認識誤り識別器を提案する。具体的には、タクシー車内で運用された音声翻訳システムの約1万発声分のログを用い、認識結果の単語系列をBag-of-Words(BoW)で表現する識別器をベースラインとして、同単語系列を単語クラスを用いてBag-of-Word-Classes(BoWC)で表現する識別器、注意機構付きリカレントニューラルネットワーク(RNN)に基づく識別器の2種類を検討した。BoWCで表現する識別器においては、シソーラスに基づく方法と単語分散表現に基づく方法を比較評価し、後者の方が優れることを確認した。RNNに基づく識別機では学習データの正例と負例の調節により精度改善を図った。評価の結果、正例と負例を調節した注意機構付きRNNに基づく識別器において、最も高い音声認識誤り識別精度75.8%を得た。また、誤認識単語に対する注意機構の注視精度を評価した結果、80%を超える注視精度を確認した。",0
"https://ipsj.ixsq.nii.ac.jp/ej/?action=pages_view_main&active_action=repository_view_main_item_detail&item_id=204269&item_no=1&page_id=13&block_id=8","実世界センサでの計測と機械学習を組み合わせることでジェスチャ識別を行う研究は数多く存在する。実世界センサは配置や個数、計測したい動作によって測定結果が変化することからセンサ配置を検討することが重要である。しかし、識別率の良いセンサ配置を検討することや実世界での学習データの蓄積には手間がかかる。本研究では、実世界センサの配置をデザインできるソフトウェアを開発した。ソフトウェアでは、Kinectを用いて記録した実世界の変形と自由に配置されたセンサとの距離を計測しジェスチャ識別器を生成する。また、ソフトウェア上のデータで生成された識別器を用いて実世界に配置したセンサでのジェスチャ識別を行った。",0
"https://ipsj.ixsq.nii.ac.jp/ej/?action=pages_view_main&active_action=repository_view_main_item_detail&item_id=204272&item_no=1&page_id=13&block_id=8","日本では高齢化が急速に進むにつれて、医療従事者の負担と国民医療費の増加が顕著になっており、中医学が予防医学の1つとして注目されている。しかし、中医学の診断は定性的なデータに基づくため、診断の際、中医学に関する豊富な知識と経験を必要とする。そのため、医師の診断を支援する枠組みが求められる。そこで本研究では、患者の病態を示す「証」とその証を引き起こす「原因」の関係を分析し、医師に提供することで患者に対する最適な治療法の決定を支援する証間の関係モデル化手法を提案し、証間の関係に適用可能であるかを検証する。",0
"https://ipsj.ixsq.nii.ac.jp/ej/?action=pages_view_main&active_action=repository_view_main_item_detail&item_id=204274&item_no=1&page_id=13&block_id=8","システムの大規模・複雑化にともない、サーバの構築・運用を効率化するために、サーバの設定状態をコードで記述する手法が数多く提供されている。それらの手法を効率良く扱うプロセスとして、テスト駆動開発の手法をサーバ構築に応用したProvisioning Testingという手法が提案されている。この手法を支援するテストフレームワークもいくつか登場しているが、あるものは特定の構成管理ツールに依存、またあるものはOSごとの違いを自ら吸収しなければならないなど、汎用性に難がある。シェルコマンドを直接記述する必要があり、可読性に難があるものも存在する。そこで本論文では、生産性や保守性を向上するために、サーバの設定状態を汎用的かつ可読性の高い宣言的なコードでテスト可能なテストフレームワークを提案する。提案手法では、汎用性を高めるために、OSや構成管理ツール固有の振舞いを整理して一般化し、運用業務で発生するコマンド群を体系化・抽象化した汎用コマンド実行フレームワークを定義する。続いて、テストコード記述の抽象度を高め可読性を上げるために宣言的な記法で汎用コマンド実行フレームワークを操作できる制御テストフレームワークを定義する。これにより、管理者がOSや構成管理ツールの違いを気にすることなく、可読性の高いコードでサーバの設定状態を容易にテストできるようになり、サーバの運用・管理コストを低減できる。提案するテストフレームワークをServerspecと名付けた。提案手法の評価は、生産性、保守性に加え、拡張性、実装公開後の影響の4つの観点で行った。",0
"https://ipsj.ixsq.nii.ac.jp/ej/?action=pages_view_main&active_action=repository_view_main_item_detail&item_id=204279&item_no=1&page_id=13&block_id=8","IoT機器には機器の管理や操作のためのWebUIを持ちインターネットに接続可能な機器が多数存在する。それらの機器のなかには、脆弱性や認証の問題を抱えたままインターネット上に公開されているものが存在する。本研究ではIoT機器の実機を用いることでハニーポットを構築し、WebUIに対する攻撃の観測を行う。観測結果にはWebサイト公開用の通常のWebサーバに対する攻撃も観測されるため、観測対象機器向けの攻撃を判別する指標を示す。次に、自動化されている攻撃の特徴を示し、IoT機器向けの攻撃を分析する手法を提案する。提案手法をもとに検証実験を行い、特定のIoT機器向けの攻撃が自動化されている実態を示す。",0
"https://ipsj.ixsq.nii.ac.jp/ej/?action=pages_view_main&active_action=repository_view_main_item_detail&item_id=204281&item_no=1&page_id=13&block_id=8","ハードウェア技術の進歩により、不揮発性メモリが登場している。この登場を受け、計算機は、実メモリとして、揮発性メモリと不揮発性メモリを混載する構成が考えられる。この環境を想定し、仮想記憶機構が2つのメモリの特徴を生かしたプログラムの実行をできるように、新しい実行プログラムのファイル形式(OFF2F:Object File Format consisting of 2 Files)が提案されている。本論文では、仮想記憶機構の要求時ページング(ODP:On Demand Paging)機能の下でOFF2Fプログラムを実行する際、CoW(Copy on Write)機能を考慮したページ例外(PF:Page Fault)処理について述べ、PF処理の時間を定式化し、OFF2Fプログラムを実行することによるPF処理時間の短縮効果を示す。また、OS初期化処理時間の短縮効果を述べる。",0
"https://ipsj.ixsq.nii.ac.jp/ej/?action=pages_view_main&active_action=repository_view_main_item_detail&item_id=204286&item_no=1&page_id=13&block_id=8","褥瘡(床ずれ)予防の看護基礎教育においてボディメカニクスの理解や体位変換技術の習得が必須である。技術習得には、体位ごとに身体部位にかかる圧力を把握する能力が必要である。そこで、我々は、理解を促進し、短期間での技術習得を補助するシステムを、布圧力センサを基に開発している。本システムは、体表に加わる圧力の分布を、布圧力センサを組み込んだ介護用具を用いて可視化する。布であるため、旧来のシーツだけに限らず、体圧分散クッションや枕など、布が使われている多様な場所から体表に加わる圧力を直接計測できることが特徴である。構築した体圧可視化システムによる体圧分散理解の促進効果を、47名の看護学部の学生を対象に対照実験にて調査した。体圧分散の理解度は、被験者が推測した高圧部位の人体図上への書き込みと専門教員が作成した模範回答との一致率を用いて評価した。看護学生を対象とした提案システムの評価結果から、頭部や、クッションを用いた複雑な体位変換時における脚部といった局所的な部位に対する体圧分布理解の促進効果があった。この結果から、体表圧の可視化を用いた効率的な技術習得を補助するシステムの実現可能性が示された。",0
"https://ipsj.ixsq.nii.ac.jp/ej/?action=pages_view_main&active_action=repository_view_main_item_detail&item_id=203131&item_no=1&page_id=13&block_id=8","BCCWJ所収の物語テキスト中の発話文に対して、発話者の意図に基づくタグ付けを行いコーパスを構築した。構築されたコーパスを発話者の年齢、性別、発話者と相手の関係で分析したところ、それぞれ異なった特徴が得られた。また他者の発話への応答のパターンにも話者の属性による違いが表れた。これらの特徴に基づいて属性や状況に合わせた発話の自動生成を行うことができれば、より自然な発話の生成が可能になると考えられる。",0
"https://ipsj.ixsq.nii.ac.jp/ej/?action=pages_view_main&active_action=repository_view_main_item_detail&item_id=203133&item_no=1&page_id=13&block_id=8","本論文では、同一書写者によると考えられる写本を発見することを目的に、同音の仮名字母の出現頻度率を特徴量として、写本の寸法や字形の類似性の指摘がある、尾州家河内本源氏物語と伝為家筆本源氏物語、梅沢本栄花物語、東松本大鏡を対象とした調査を行った。同一書写者によるとの指摘がある写本間距離の分布を推定し、その90%が該当する距離を閾値として用いた階層的クラスタ分析を行った結果、尾州家河内本源氏物語の一部の巻は、伝為家筆本源氏物語と梅沢本栄花物語の一部の巻と写本間距離が近いことが明らかになった。写本間距離が近い写本は同一書写者または関係者による写本である可能性を指摘できることから、これら写本が同一の書写集団によって書写された蓋然性を高めているといえる。",0
"https://ipsj.ixsq.nii.ac.jp/ej/?action=pages_view_main&active_action=repository_view_main_item_detail&item_id=203134&item_no=1&page_id=13&block_id=8","本稿では、機械学習を用いて近代の歴史的資料に対して文境界を検出する手法を提案する。近代の歴史的資料は明確な文境界が必ずしも存在しないため、これまで人手作業による文境界の付与が行われてきたが、膨大な資料に対してなかなか作業が進んでいない現状がある。そこで我々は機械学習を用いて文境界を検出する手法を提案する。この手法により膨大な量の資料に対して文境界の一次的なアノテーションを施すことができることに加えて、形態素解析の精度を向上させたことが本研究の貢献である。また、モデルの訓練に日本語の近代語のデータを使用して、複数の機械学習手法を比較して近代の歴史的資料を対象とした文境界推定を行うのは本研究が初めてである。",0
"https://ipsj.ixsq.nii.ac.jp/ej/?action=pages_view_main&active_action=repository_view_main_item_detail&item_id=203135&item_no=1&page_id=13&block_id=8","本論文では、訓点資料の書き下し文を自動生成することを目的とし、書き下し文を自動生成するうえで問題となる、1つの漢字に複数のヲコト点が付与されている場合の分析を行い、ヲコト点の読み順が定まるかを検証した。ヲコト点は記号訓点の一種で、漢字に付された位置と形状により読みは定まるが、ヲコト点が複数あった場合、順番は定まらない。たとえば「シ」、「テ」、「ニ」と3つのヲコト点がついていた場合に「ニシテ」と順を定めて書き下すためには、読み順の定義が必要である。対象とした資料(国立国語研究所蔵『尚書(古活字版)』)には121種類、のべ672個のヲコト点の組合せが登場するが、いずれも読み順が一意に定まることが確認できた。また、漢字の読み仮名の一部を表す場合のみに使われるヲコト点も抽出することができた。",0
"https://ipsj.ixsq.nii.ac.jp/ej/?action=pages_view_main&active_action=repository_view_main_item_detail&item_id=203136&item_no=1&page_id=13&block_id=8","複数の包摂粒度を許容する漢字構造記述を内容アドレッシングを用いた分散データモデルの1つであるIPLDに基づいて実現する試みについて述べる。IPLDはMerkle DAGというデータ構造を用いている。これは暗号学的ハッシュを用いてラベル付けされた不変オブジェクトをノードとする有向非巡回グラフであり、オブジェクト間の関係は片方向しか表現できない。この制約の下で編集可能な文字知識を表現するために、不変性の高い基礎的オブジェクトへのリンクを含む複合的なオブジェクトによって可変性のある文字オブジェクトを表現するための形式を提案する。また、IPLDグラフの逆リンクや場所アドレッシングの実現手法について検討するとともに、既存のグラフストレージでの試験的実装についても述べる。",0
"https://ipsj.ixsq.nii.ac.jp/ej/?action=pages_view_main&active_action=repository_view_main_item_detail&item_id=203138&item_no=1&page_id=13&block_id=8","高齢化による認知症予防や心理ケアの重要性が高まっており、情報工学の分野では対話ロボットを回想法などの心理療法に用いる取組みが進められている。一方で対話ロボットは目新しさにより最初は利用されるものの、長期間の利用を継続させることが難しい。そのため長期実施が前提の心理療法へ適用するには、ロボットが人と良い関係性を維持する技術・手法の確立が必要となる。本論文ではロボットが高齢者との関係性を構築・維持するため、手紙による非同期コミュニケーションを用いる方法を提案し、提案手法が長期関係性に与える効果について調査を通じた仮説を示す。本研究は単発の大規模実験で統計的な結論を出すのではなく、少数の参加者を一定期間にわたって追うケーススタディによって、関係性への効果の時間的な変遷事例を得て、傾向を確認することを重視する。我々は最初に6人の高齢者を対象として、手紙をロボットの作成したものとして渡す条件と、第三者の作成したものとして渡す条件でケーススタディを行う。ケーススタディではロボット対話と手紙提示を隔週で交互に4回実施し、ロボットの印象の時間遷移について調査を行う。また対話データから発話重要度を推定するアリゴリズムを提案し、提案アルゴリズムを用いた非同期コミュニケーションのための手紙生成システムを示す。最後に我々は8人の高齢者を対象として、提案アルゴリズムの有無で手紙内容が異なる2条件を用いた2つ目のケーススタディを実施する。ケーススタディ2も同様に、対話と手紙提示を隔週で交互に4回実施し、関係性の構築・維持に与える影響について、両ケーススタディを通じて形成した仮説を述べる。",0
"https://ipsj.ixsq.nii.ac.jp/ej/?action=pages_view_main&active_action=repository_view_main_item_detail&item_id=203139&item_no=1&page_id=13&block_id=8","比較的大きな身体動作をともなう作業に対して、自分の物理的・精神的な状態をモニタリングする自己観察が有効であることが知られている。しかし、ごくわずかな身体動作しかともなわない認知的な作業に対する自己観察の有効性については、これまでほとんど検証されていない。そこで、本研究では、視認できないレベルの身体動作しかともなわない音声ストループ課題と、視認できるレベルのごくわずかな身体動作をともなう音声ストループ課題の2つの課題を用意し、被験者実験によって自己観察がこの両課題にどのような影響を与えるかを調査した。その結果、正答率についてはいずれの課題についても自己観察の影響が認められなかったが、反応時間については、視認可能な身体動作をともなう場合には時間短縮が認められたのに対し、身体動作を視認できない場合にはむしろ反応時間が長くなる傾向があることが明らかになった。",0
"https://ipsj.ixsq.nii.ac.jp/ej/?action=pages_view_main&active_action=repository_view_main_item_detail&item_id=203140&item_no=1&page_id=13&block_id=8","磁石の間に生じる相互作用を用いて、パッシブな力触覚フィードバックを設計する手法を提案する。磁石はこれまで有望な方法でありながらも、数理的な方法で触覚デザインに用いられることはなかった。本稿では、数理モデルを導入することで、磁力計算の複雑さを克服し、可視化と直感的な設計を可能にする手法を説明する。また、高速計算によって計算コストを抑えることで、設計ツールにおけるリアルタイムプレビューとインタラクティブな設計が可能となった。可視化された磁石触覚のパターンについて識別・感性評価を行い、磁石触覚の有用性と制約を検証した。さらに、磁石触覚を用いてタンジブルインタフェースとインタラクティブシステムを拡張するためのアプリケーションを示す。",0
"https://ipsj.ixsq.nii.ac.jp/ej/?action=pages_view_main&active_action=repository_view_main_item_detail&item_id=203143&item_no=1&page_id=13&block_id=8","スマートフォンやタブレットをはじめとする電子端末の普及により、画像や動画などの電子情報の受け渡しは今や日常的に行われるようになった。メールやSNSなどを利用して電子情報を受け渡すためには、送信者は受信者の連絡先を知っている必要があるが、受け渡し相手が初見の相手や、その場限りの相手であると、連絡先を交換することに抵抗を感じるユーザは多いと思われる。この問題を解決するために、我々は、紙をちぎって手渡すことで電子情報を受け渡す方式を提案する。これは、ある紙を2片にちぎり分けたとき、各紙片の破れ目の特徴が合致する性質を利用したアプローチである。",0
"https://ipsj.ixsq.nii.ac.jp/ej/?action=pages_view_main&active_action=repository_view_main_item_detail&item_id=203144&item_no=1&page_id=13&block_id=8","ビデオ会議は、リモート空間とローカル空間の境界であるディスプレイが窓のような役割を持っており2つの空間を分離させているため、ソーシャルテレプレゼンス(遠隔地にいる相手とあたかも同じ部屋の中にいるかのような感覚になることができるという現象)が十分であるとはいえない。本研究では、リモート空間とローカル空間にある物体が境界面でつながっているかのように提示することを「空間の連続性」を示すと定義し、空間の連続性を示すことがソーシャルテレプレゼンスの強化にどのような影響をあたえるのか調査した。空間の連続性を示す方法として、境界面であるディスプレイを貫通しているように見せる物体が、身体以外の固有の形状を持つ指示棒である手法、固有の形状を持たないレーザポインタの光である手法を提案し比較する実験を行った。結果より、ロボットアームといった複雑な形状だけではなく指示棒といった単純な形状を持った物体を提示する方法でも十分な効果があること、レーザポインタの光のような固有の形状を持たない物体を提示する方法では効果がないことが分かった。",0
"https://ipsj.ixsq.nii.ac.jp/ej/?action=pages_view_main&active_action=repository_view_main_item_detail&item_id=203148&item_no=1&page_id=13&block_id=8","近年、ネットワークの多様化にともない、様々なTCP輻輳制御方式が提案されている。TCP輻輳制御方式はインターネットにおけるトラヒックを特徴づけるため、どのような方式がどの程度使用されているかを解析することは、ネットワーク事業者が自身のネットワークを管理するうえで重要となる。このような解析では多数のTCPフローを自動的に処理することが必要となる。本論文では、機械学習を用いて輻輳制御方式を推定する方法を提案する。提案方法は、ネットワーク内において収集されたデータとACKセグメントの双方を含む通信ログを使用し、ログに含まれる個々のTCPフローに対して、輻輳ウィンドウの時系列を推定する。さらに、この時系列に対して、リカレントニューラルネットワークを用いた識別器を適用し、そのフローの輻輳制御方式を推定する。Linuxオペレーティングシステムに実装された10の輻輳制御方式に適用した結果、代表的な3つの方式は明確に区別でき、また10の方式はいくつかのグループに分類できるという結果を得た。",0
"https://ipsj.ixsq.nii.ac.jp/ej/?action=pages_view_main&active_action=repository_view_main_item_detail&item_id=203149&item_no=1&page_id=13&block_id=8","IoTデバイスを活用可能な領域を拡げるには、それらを柔軟に接続可能な無線メッシュネットワーク技術が有効な手段の1つである。無線メッシュネットワークでは、アクセスポイント(mesh STA)どうしをマルチホップ無線通信によって接続する。通信が混雑した状況では、mesh STA間での経路制御情報の交換自体が、データパケット配送を妨げる確率が高い。さらに、移動頻度の低いmesh STAが配送経路に属する確率が一般に高いため、それらの配下のノードによる通信の品質向上が、ネットワーク全体の品質向上に寄与する。本稿では、経路制御情報を最小化する観点から、各mesh STAが隣接mesh STAから周期的に送信されるビーコンによる情報交換のみで自らの位置情報を規定できるネットワークを構築し、その位置情報のみによって自律的に経路制御を行う手法を提案する。さらに、シミュレーションによる性能評価を通して、移動頻度の低いmesh STA配下のノードの送受信性能として、高パケット転送率のメディアストリームの本数が既存手法であるHWMPより約65%優位であることを示す。",0
"https://ipsj.ixsq.nii.ac.jp/ej/?action=pages_view_main&active_action=repository_view_main_item_detail&item_id=203151&item_no=1&page_id=13&block_id=8","近年、人による作業が困難な環境や作業の自動化のため、自律移動体の活用が議論されている。このような自律移動体を用いて発生位置や数が不明である未知イベントの探索と処理を行う場合、自律移動体はイベントから発せられる物理情報をセンシングすることで探索を行い、その後イベントに対する能動的処理を行うことが求められる。我々は、これらの複数の未知イベントの探索・能動的処理を行う複数の自律移動体に対して群知能を拡張適用することにより、複数群を適宜構成し有限時間内により多くのイベントの探索・能動的処理を完了する移動センシングクラスタを提案している。移動センシングクラスタは複数群を構成することにより高い探索・能動的処理能力を有するが、複数のイベントから発せられる物理情報によって個々のイベントを識別できることを前提としている。しかし、実環境では自然現象から発生する物理情報に代表されるように、物理情報から個別のイベントを識別することが困難であるケースが想定される。そのような状況では移動センシングクラスタは動的群分離アルゴリズムが機能せず、一群による逐次的な探索・能動的処理となり、それらの完了に時間を要することとなる。本論文では、識別不可の複数の未知イベントに対して複数群による並列性の高い探索・能動的処理を実現するため、突然変異メカニズムを導入した突然変異型移動センシングクラスタを提案する。",0
"https://ipsj.ixsq.nii.ac.jp/ej/?action=pages_view_main&active_action=repository_view_main_item_detail&item_id=203152&item_no=1&page_id=13&block_id=8","トピックベースのPub/Sub通信モデルにおける配信基盤として、SDN技術を活用したPub/Sub基盤(SAPS)が提案されている。SAPSでは、2つの配送方式Application Layer Multicast(ALM)とOpenFlow Multicast(OFM)を併用し、前者のスケーラビリティと後者の配送効率の良さを相互補完的に活用することで、複数Broker間の効率的なメッセージ配送を実現する。SAPSにはALMからOFMへの切替方式として、一斉切替方式(EITHER方式)と逐次切替方式(BOTH方式)が存在している。前者は切替時間が短くOFMの配送効率の良さを享受しやすいがスケールしにくいという課題があり、後者はスケーラビリティに優れ大規模環境に適しているが、オーバレイ上で同じトピックをsubscribeしたメンバを2つのトピックに分けてグループ管理する必要があるため、メンバ不在トピックへのメッセージ転送やOFM切替の遅延時間が増大するという課題があった。そこで本論文では、BOTH方式においてメッセージ数や切替遅延を改善するオーバレイネットワーク管理手法を提案する。メッセージ数については、構造化オーバレイ上の強リレーフリー性を活用し、2トピック間でのメンバ不在トピックへの転送を防ぐ手法を提案した。また、切替遅延については、ノードのjoin/leaveをともなわず、ノードの内部情報を書き換えることで実質的な移行が完了するキー名書換え移行を提案した。実機を用いた検証により、これら提案手法によりメンバ不在トピックへのメッセージ転送がなくなり、かつ、OFM切替遅延を大幅に短縮できることを確認した。",0
"https://ipsj.ixsq.nii.ac.jp/ej/?action=pages_view_main&active_action=repository_view_main_item_detail&item_id=203153&item_no=1&page_id=13&block_id=8","IoT(Internet of Things)において生成されるデータを、時刻などの連続値をキーとして保存・処理可能な分散クラウドストレージ上で消費電力の削減を実現する新たな管理・制御手法VNLB-ESを提案する。VNLB-ESは、分散クラウドストレージシステムにかかるストレージ負荷・検索負荷・処理負荷を、仮想ノードを用いて効率的に複数の物理ノード(計算機)に分散させる機能を備える。また、要求される処理に必要となるリソース量が少ない状況では、仮想ノードが稼働しない物理ノードを確保して、停止/一時停止状態とする機能を提供する。これら2つの機能の組合せにより、物理ノード間の効率的な負荷分散を実現しつつ、システム全体の消費電力を大幅に削減する。シミュレーション評価、および、実機を用いた評価により、VNLB-ESが、既存の負荷分散方式と比べて最大で電力消費量を70%程度削減できることを示した。",0
"https://ipsj.ixsq.nii.ac.jp/ej/?action=pages_view_main&active_action=repository_view_main_item_detail&item_id=203155&item_no=1&page_id=13&block_id=8","スマートフォンやタブレット型端末の普及によって、位置情報を利用する機会が増加している。我々の目的は、誤差数cmのスマートフォン位置情報に基づいた新たなサービスの創出である。高精度な位置推定手法に動的磁気を用いるものがあるが、スマートフォンの磁気センサのサンプリング周波数では既存手法を利用するのが難しい。本研究では回転磁石マーカを用いて、スマートフォンの2次元移動経路を推定する手法を提案する。回転磁石マーカとは、強力な磁石を回転させて動的磁気を発生させる装置である。本研究では一定時間計測した磁気のパターンから経路を推定する手法を提案し、動的磁気によるスマートフォンの移動経路推定を可能にした。我々はまず、回転磁石マーカによる磁気の影響下で、移動しているスマートフォンが計測する磁気の近似式を導出した。次に、計測した磁気に対して導出した近似式でカーブフィッティングし、スマートフォンの移動経路を推定する手法を検討した。さらに、提案手法による推定精度を評価するため、ベルトコンベアを用いてスマートフォンを移動させて実験した。評価実験の結果、回転磁石マーカからの距離が1mの直線経路で、スマートフォンの移動経路を平均誤差9cmで推定可能であった。また、スマートフォンごとの推定精度を比較した結果、スマートフォンの違いによって推定精度に大きな変化がないことを確認した。また、磁石の回転数と推定精度の関係を調べた結果、回転数が2Hzのときに推定精度が最も向上することを確認した。",0
"https://ipsj.ixsq.nii.ac.jp/ej/?action=pages_view_main&active_action=repository_view_main_item_detail&item_id=203158&item_no=1&page_id=13&block_id=8","サイバー攻撃の激化にともない、悪性サイトへのアクセスを防止する技術が求められている。悪性サイトへのアクセス防止を図る既存手法としては、ブラックリストやホワイトリストを用いたものがあるが、ブラックリストは新たな悪性サイトへの即座の追従が困難であるという課題がある。ホワイトリストに関しても、良性サイトを網羅するのが困難なために、そこから漏れた良性サイトへのアクセスも防止してしまい、結果として通常業務への悪影響を生じかねないという課題がある。また、機械学習を用いた判定手法もあるが、100%の精度は困難なため、同様に良性サイトへのアクセスを防止してしまう可能性がある。そこで、これらの課題を解決する手法を提案する。提案手法は、機械学習の方式をベースにしつつ、悪性と判断したサイトへのアクセスを即時遮断するのではなく、機械には突破困難な追加認証を課し、突破できなかった場合のみアクセスを遮断する。これにより、機械学習方式の利点を享受しつつ、業務遂行に必要なサイトを誤って悪性と判定した際の業務阻害を緩和する。また、人間によるアクセスを非悪性サイト、マルウェア等による機械的なアクセスを悪性サイトとして機械学習モデルの判定結果と結果が正しかったか否か判定することが可能となる。この判定結果を機械学習モデルにフィードバックすることにより、運用の中での自律的な判定精度向上を図る。本稿では、提案手法の設計を述べるとともに、提案手法を実装・評価し、悪性サイトへのアクセスを遮断しつつ、追加認証結果を用いることにより機械学習モデルの精度向上や精度低下抑制が可能なこと、処理性能が実用の範囲内であることを確認した。",0
"https://ipsj.ixsq.nii.ac.jp/ej/?action=pages_view_main&active_action=repository_view_main_item_detail&item_id=203160&item_no=1&page_id=13&block_id=8","モバイルクラウドセンシング(MCS)において、報酬や誤情報の拡散を目的として低品質データを送信するユーザの存在が指摘されている。対策の1つとして、ユーザの評価値を考慮したインセンティブメカニズムが提案されている。しかし、システムを持続的に利用した場合に、ユーザのセンシング協力へのモチベーションが低下し、センシング協力ユーザ数の減少が想定される。本論文では、センシングユーザのオークション敗北率を考慮したセンシング参加ユーザ選択と低品質データ送信回数を反映させたユーザの評価値算出を組み合わせ、持続的に多くのユーザがセンシングに協力するMCSのためのインセンティブメカニズムIMSMを提案する。これを実現するために、プラットフォームは各ユーザが送信したセンシングデータ品質やユーザの評価値算出を用いて、オークション勝者の選択や低品質データ収集の抑制を行う。また、コンピュータシミュレーションにより提案手法の有用性を示した。",0
"https://ipsj.ixsq.nii.ac.jp/ej/?action=pages_view_main&active_action=repository_view_main_item_detail&item_id=203162&item_no=1&page_id=13&block_id=8","計算機システムが実世界と密に連携して動作するためには、論理的に記述・分析できない不確実性に適合するソフトウェアが必要であり、未知の入力値に対して学習データからの推論により出力値を返す機械学習の適用が注目されている。一方、このようなソフトウェアは入力データ空間が定義できず出力値に予測不能性があるため、ソフトウェアの振舞いを確率的にしか把握できない。本稿では、機械学習適用ソフトウェアの高信頼化を目的に、段階的詳細化による演繹的な開発法と機械学習による帰納的な開発法の結合についてテスト・検証の観点から述べ、開発プロセスと制約充足性テスト方法を提案する。我々のアプローチは、演繹的モジュールと帰納的モジュールを分離し、それらをつなぐ部分仕様を設定するとともに、前者については部分仕様が満たされることを前提に論理的な検証を行う一方、後者についてはテストにより部分仕様の充足確率を評価し、論理的な検証結果に確率を付与する。これにより、帰納的に開発した機械学習適用モジュールと演繹的に開発した論理モジュールを、システムの信頼性評価のもとで整合的に結合する。形式手法Event-Bを用いたケーススタディにより、実現可能性を評価した。",0
"https://ipsj.ixsq.nii.ac.jp/ej/?action=pages_view_main&active_action=repository_view_main_item_detail&item_id=203164&item_no=1&page_id=13&block_id=8","本論文では、ある自動車ボディ系製品の制御ソフトウェアの変種群の開発をフィーチャ指向のプロダクトライン開発方法論による開発に移行した事例を通して、従来の事例報告では詳述されることのなかった、ドメインエンジニアリングプロセスが確立されるまでの過程を詳述する。移行の過程で実施したフィーチャ分析と構造化分析によるリバースエンジニアリングの結果、開発関係者のシステム理解が促進され、製品の特性を考慮したドメインエンジニアリングプロセスが確立されるとともに、対象製品のプロダクトラインアーキテクチャが実現された。最終的に、変種開発に要するコストはクローン&オウン開発を行う際の見積り値の1/3に削減し、一連のリエンジニアリングに投じた費用は3つの変種をリリースするまでに回収できた。",0
"https://ipsj.ixsq.nii.ac.jp/ej/?action=pages_view_main&active_action=repository_view_main_item_detail&item_id=203168&item_no=1&page_id=13&block_id=8","スーパコンピュータ「京」向けに開発されたコンパイラの最適化技術の代表格として、ソフトウェアパイプライニングがあげられる。「京」では、SPARCアーキテクチャの拡張機能HPC-ACEとして拡張レジスタ(128本のSIMDレジスタ)が追加された。ソフトウェアパイプライニングの技術は、多数のアーキテクチャレジスタを活用できるようになったことを基盤にして実装されている。次期のポスト「京」では、アーキテクチャとしてArmv8-Aアーキテクチャ、HPC拡張としてSVE(32本のSIMDレジスタ)が採用される。そこでソフトウェアパイプライニングをSIMDレジスタ数の観点を中心として評価し、「京」からポスト「京」への技術継承が可能か否かを考察し、ポスト「京」の開発に向けた提案を行う。",0
"https://ipsj.ixsq.nii.ac.jp/ej/?action=pages_view_main&active_action=repository_view_main_item_detail&item_id=203169&item_no=1&page_id=13&block_id=8","我々の研究グループではクラウドソーシングと電波伝搬シミュレーションの併用によりWi-Fiアクセスポイント(AP)の情報とその電波強度地図を含んだWi-Fiデータベースを構築している。それらの情報は実際の街区におけるWi-Fi通信環境の再現などに有用であるが、たとえばユーザの移動にともなうスマートフォンアプリの体感品質を実際の利用環境に即して調査したい場合、Wi-Fiデータベースに基づく現実環境のWi-Fi通信環境を再現し提供するとともに、現実環境内のユーザの振舞いもエミュレートできることが望ましい。そこで本研究では、構築したWi-Fiデータベースと3次元都市モデルを用いてVR(Virtual Reality)空間上に都市環境およびWi-Fiの電波伝搬環境を再現する。VR上では、開発したスマートフォンアプリの画面表示とリアルタイム操作を可能とする。これらにより、複数の公衆Wi-Fiサービスが混在する環境においてユーザの現実環境の振舞いに応じたアプリQoEをVR空間上で調査可能とする手法を提案する。秋葉原の都市環境をVR空間上に再現し、ハンドオーバが頻繁に起こるような環境下で様々なAP選択方式の下での動画アプリのテストを行った結果、実験を行った場所においては5GHz帯のAPを優先的に利用することで動画の停止回数が約67%に減少し、体感品質が向上することを確認した。",0
"https://ipsj.ixsq.nii.ac.jp/ej/?action=pages_view_main&active_action=repository_view_main_item_detail&item_id=203170&item_no=1&page_id=13&block_id=8","大量のプログラムからソフトウェアの盗用を発見するために、ソフトウェアバースマークが提案されている。バースマークは、プログラム中の特徴を抽出し比較を行い盗用を発見する技術である。従来のバースマークで想定している対象のプログラム数は数百から数千程度であり、それを超えて比較する場合、現実的な時間では比較できない場合もある。そこで本稿では、対象となるプログラムの大幅なスケールアップかつ、盗用検出に要する処理時間の短縮を目的とする。そのために、対象プログラムの比較の前に、精度は高くないが高速に比較できる手法を用いて、無関係なプログラムを除外することを考える。これを絞り込み段階として、従来の抽出段階、比較段階の間に導入する。提案手法に基づき、バースマーク絞り込みシステムMitubaを構築し、実験を行った。評価項目は所要時間、絞り込み率、誤検出、検出漏れ、精度、そして、保存性の6項目である。結果は、盗用か否かを判定するための閾値が0.2のとき、所要時間は従来の40%以下に抑えられ、80%以上のプログラムが無関係と判定された。残ったプログラムのうち、誤検出は90%程度と非常に高いものの、検出漏れは0%であり、精度も70%以上となっている。また保存性評価においても、一番強力な難読化が施された場合であっても80%以上のプログラムを見つけ出せ、良好な結果を示している。これらの結果をもとに最適な閾値を議論した結果、標準的には0.6程度の閾値が最適であるが、ユーザの問題設定によっては、閾値が0.2でも本手法は有効であることを示した。",0
"https://ipsj.ixsq.nii.ac.jp/ej/?action=pages_view_main&active_action=repository_view_main_item_detail&item_id=203171&item_no=1&page_id=13&block_id=8","Privelet法は、差分プライバシ基準に準拠しつつ、部分和精度にも優れており、プライバシが保護されたデータのスケーラブルな活用を可能にする。このPrivelet法に非負精緻化処理を組み込むと、高い部分和精度を維持しつつ、さらに、「非負制約の逸脱」や「疎データの密度急増」という2つの問題への対処も可能となる。この手法の場合、非負精緻化をともなう逆Wavelet変換(Top-down精緻化)部分に枝刈り処理を導入することで、演算を効率化することができる。しかし、その効果の程度、性質などについては、いまだ明らかにされていない。そこで本稿では、演算効率化が期待できる実装法を用いて、枝刈り処理の性能面に対する評価を行い、さらにその特性についての考察を行う。",0
"https://ipsj.ixsq.nii.ac.jp/ej/?action=pages_view_main&active_action=repository_view_main_item_detail&item_id=203174&item_no=1&page_id=13&block_id=8","近年、多くのアプリケーションは時系列データを生成しており、その時系列データを分析することに注目が集まっている。最も重要な時系列データの分析の1つに異常検知があり、ディスコードの発見は時系列データ中の異常なサブシーケンスの発見に対応する。ディスコードとは、時系列データの中のすべてのサブシーケンスの中で、最近傍のサブシーケンスとの距離が最大となるサブシーケンスである。時系列データは本質的に動的であるため、ストリーミング時系列データのディスコードをモニタリングすることは非常に重要である。本論文では、スライディングウィンドウ上でストリーミング時系列データのディスコードを効率的にモニタリングするSDM(Streaming Discord Monitoring)を提案する。また、SDMを近似アルゴリズムに拡張し、精度の保証をしたうえでより効率的にディスコードをモニタリングする。実データを用いた実験により、SDMおよびその近似アルゴリズムの有効性を確認する。",0
"https://ipsj.ixsq.nii.ac.jp/ej/?action=pages_view_main&active_action=repository_view_main_item_detail&item_id=203173&item_no=1&page_id=13&block_id=8","インシデント調査では、分析者が被害の発生した環境からネットワーク・端末レベルのログを収集・分析し、攻撃者の一連の行動である攻撃シナリオを再構築することが必要となる。しかし、既存手法では攻撃シナリオを再構築できておらず、分析者は依然としてインシデント調査に多くの時間を費やしている。本論文では、インシデントが発生した際に収集したログから、攻撃シナリオを再構築する手法を提案する。インシデントに関係するログを抽出する手法はすでに多く提案されているが、攻撃シナリオを再構築するものはいまだに存在していなかった。提案手法では、攻撃者の行動を行動表現文法ELLで定義する。ELLで定義された行動を、収集したログから検出し行動間の関連付けを行った後、攻撃シナリオとして再構築する。評価では、実際のインシデントを再現し収集したログを用い、既存手法と比較することにより提案手法の有効性を示す。",0
"https://ipsj.ixsq.nii.ac.jp/ej/?action=pages_view_main&active_action=repository_view_main_item_detail&item_id=202725&item_no=1&page_id=13&block_id=8","近年の技術の進歩により、3次元点群データは、地上レーザスキャナや距離画像センサ、MMS(Mobile Mapping System)といった様々なセンサ機器を利用して、容易に取得できるようになった。この3次元点群データは、自動運転や構造物の維持管理、災害時の状況把握など多岐にわたる利用用途がある点で非常に注目されている。これらの分野で効果的に3次元点群データを活用するには、撮影視点や取得時間の異なるデータを1つにまとめる位置合わせ(レジストレーション)の処理が重要である。3次元点群データの位置合わせ手法の現状は、ICP(Iterative Closest Point)を利用した事例や研究が大半である。ただし、これらの手法は、点と点を誤差なく一致させるパターンマッチング手法の延長であるため、計測箇所や点群密度などが異なると、同じ撮影方法で点群の密度が非常に多いデータなどでしかうまく位置合わせできないのが現状である。そこで、本研究では、既存の課題を解決する手法を構築するために3次元点群データから平面を抽出し、平面と平面の交線を用いて位置合わせする手法を提案する。この手法は、点と点をマッチングしないため、計測箇所の問題や点群密度の問題の影響は受けないという利点がある。",0
"https://ipsj.ixsq.nii.ac.jp/ej/?action=pages_view_main&active_action=repository_view_main_item_detail&item_id=202729&item_no=1&page_id=13&block_id=8","画像を通して見たものの大きさと、実際に見たものの大きさの印象を一致させることは難しい。本研究は、情報としてのサイズを伝えるだけではなく、対象を見たときに感じる大きさの印象を伝えることができる画像メディアの実現を目的としている。本論文では、確信を持って大きさを感じるために、対象物を参照物体と並べて撮影した画像を、画像に写っている参照物体を手に持った状態で観察する方法に取り組んだ。大きさの比較対象となる参照物体の種類として、マッチ棒やコインのような1次元、2次元的なものに加えて、3次元的なものも含めて実験した。今回の実験の条件の範囲では、大きさの判断および判断に対する確信の強さに対し、参照物体の種類の影響はほとんど見られなかったが、参照物体に対して対象物が小さいときより大きいときのほうが、参照物体により大きさ判断の確信度を高める効果は小さい傾向が見られた。これらの結果は、単純な形状であるホットケーキの食品サンプルを用いた限定された条件によるもので、対象物の形状や撮影角度などの条件を変えたさらなる実験が必要である。",0
"https://ipsj.ixsq.nii.ac.jp/ej/?action=pages_view_main&active_action=repository_view_main_item_detail&item_id=202733&item_no=1&page_id=13&block_id=8","音声中で検索したいキーワードが話されている箇所を特定する音声中の検索語検出(STD:Spoken Term Detection)の研究がさかんに行われている。 検索精度向上のために、先行研究として高順位候補を含むドキュメント内のすべての候補の照合距離を有利にする方式等が 提案されている。 本論文では、クエリを含む講演内で話されるトピックの内容に関連してクエリと共起する単語をクエリの関連語と呼び、関連語は当該講演内に複数回出現すると仮定する。 クエリの関連語を特定するため、本論文ではWord2vecを用いた単語の分散表現が有効と考える。 音声ドキュメントの単語認識結果中の各単語をWord Vector化し、クエリのWord Vectorと比較し、類似度を求めることでクエリの関連語を取得する。 一方、未知語(OOV:Out-of-Vocabulary)クエリは単語認識結果に出現しないためWord Vectorを算出できないため、本論文ではWeb検索を併用する方式を採用し、クエリでWeb検索し得られたテキスト中の出現単語もWord2vecに用いてクエリの意味的情報を補い、未知語クエリのWord Vectorを算出できるようにする。 これにより、未知語クエリに対応させることができ、既知語(IV:In Vocabulary)、 未知語いずれのクエリでも関連語を的確に求められると考える。 以上のようにして、クエリの関連語を特定し、関連語を含むドキュメント内のすべての候補の距離を有利にすることで検索精度の向上を図る。 NTCIR-10、12のFormal Runの2種のテストセットを用いて評価した結果、両テストセットで検索精度が向上した。 また、先行方式と併用することでさらに精度が向上し、提案方式の有効性を確認できた。",0
"https://ipsj.ixsq.nii.ac.jp/ej/?action=pages_view_main&active_action=repository_view_main_item_detail&item_id=202735&item_no=1&page_id=13&block_id=8","ポイント制度の形態としては、各店舗が独自のポイントを用いる形態のほか、商業地域コミュニティに属するすべての店舗で共通のポイントを利用する形態も存在する。後者の形態による取り組みは、魅力があるものの知られていないような店舗を存続させるうえで重要な役割を果たす。このようなポイント制度を有効に活用するためには、商業地域コミュニティにおいて消費者はどのような行動をするか、を予測することが重要となる。しかし、周囲の店舗がどのようにポイントを付与しているかによって、ポイント付与による効果は大いに変化しうるため、その予測は難しい。そこで本研究では、各店舗に付与したポイント数を考慮した消費者行動モデルを提案する。そして、本モデルを用いたシミュレーションによって、先のような商業地域コミュニティにおける消費者行動を予測する。さらに、シミュレーションによる予測値を実社会で収集した実データと比較することで、提案モデルの妥当性について検証するとともに、ポイント付与手法の違いによって生じる消費者行動への影響について分析する。その結果として、提案モデルは、ポイント付与制度を適用しない場合と値引き額に基づいたポイント付与制度を適用する場合において妥当であることを示すことができた。さらに、値引き額に基づいたポイント付与制度を適用する場合、消費者は店舗利用に際して金銭的コストや時間的コストがかからない店舗へ訪問する可能性があることが推測できた。",0
"https://ipsj.ixsq.nii.ac.jp/ej/?action=pages_view_main&active_action=repository_view_main_item_detail&item_id=206177&item_no=1&page_id=13&block_id=8","映像をリアルタイムに配信するライブストリーミングサービスは、様々な特性の映像を対象に、多様な状況のネットワークを通じて、多種の異なった性能の受信端末を用いて、幅広く利用されている。既存のライブストリーミングサービスでは、主に利用可能なネットワーク資源の状況に基づいて受信端末へ配信する映像の品質を制御しているため、配信映像の品質が、利用している受信端末の計算機資源に適したものであるとは限らない。そこで本研究では、映像の特性、利用可能なネットワーク資源、計算機資源と、それらに応じて受信端末でサービス利用者へ配信される映像品質の関係を強化学習することで、ネットワークの状況だけでなく受信端末の性能にも適応した品質の映像を配信するための映像品質制御手法を提案する。本稿では、MPEG-DASHを対象とした映像品質制御手法の設計と実装を行い、実機を用いた実験から、提案手法を用いることで各資源の無駄な消費を抑えつつ高品質な映像を利用者へ配信可能であることを確認した。",1
"https://ipsj.ixsq.nii.ac.jp/ej/?action=pages_view_main&active_action=repository_view_main_item_detail&item_id=206178&item_no=1&page_id=13&block_id=8","我々は屋内空間内に遍在する多数のスマートデバイスの位置を定点3点のみで高精度に推定する集約型自己組織化ノード位置推定方式（SOL：Self-Organaizing Localization）を提案している。集約型SOLでは各ノード間の相対距離を用いてノード位置を推定する。集約型SOLはノード間通信にBluetooth Low Energyを用いており、その位置推定精度誤差は2m程度である。本論文では、工場や建設現場などの動的環境における自律型サービスロボットの応用を想定し、集約型SOLにImpulse Radio UWB（IR-UWB）を適用することで、位置精度誤差数十cmオーダに高精度化する方式を提案する。さらに提案方式の実装評価実験によりその位置精度から本方式の有用性を示す。",1
"https://ipsj.ixsq.nii.ac.jp/ej/index.php?active_action=repository_view_main_item_detail&page_id=13&block_id=8&item_id=201354&item_no=1",本論文では、パケットのヘッダから単位時間ごとに抽出した特徴ベクトルを学習することによりネットワークの異常を検出する手法を提案する。単位時間ごとに特徴を抽出することで特徴抽出の処理にかかるコストを削減し、トラフィック量の多い大規模ネットワークに適用可能な異常検出手法の実現を目指す。特徴ベクトルの学習には、Deep Learningの一手法であるLSTM（Long short-term memory）を用いる。実験では、MWSデータセット、CICIDS2017データセットおよび大阪府立大学のキャンパスネットワークのトラフィックデータに本手法を適用し、C&Cサーバとの通信、DDoS攻撃、Port scan攻撃などの異常を検出できることを確認した。",1
"https://ipsj.ixsq.nii.ac.jp/ej/?action=pages_view_main&active_action=repository_view_main_item_detail&item_id=204874&item_no=1&page_id=13&block_id=8","Webを介するサイバー攻撃に使用されるJavaScriptコードは、攻撃コードの意図の隠蔽や検知回避のために、難読化やクローキングなどの解析妨害が施されていることがある。このような解析妨害コードの解析が課題であり、迅速に解析できる手法やシステムが求められる。そこで、我々は解析妨害JavaScriptコード解析支援システムを提案する。提案システムは、JavaScriptコードによるブラウザAPI操作を網羅的に捕捉し、API操作ログを出力することにより、JavaScriptコードの挙動を把握できるようにする。API操作の捕捉にProxyオブジェクトを利用することで、既存手法では捕捉しきれないAPI操作を捕捉する。また、変数の参照を置き換えることにより、置き換え禁止のAPIに対するAPI操作を捕捉可能にする。本論文では、提案システムのコンセプトと、コンセプトを実現する解析手法の実現方式について述べる。また、提案システムの評価として、解析妨害JavaScriptコードの解析を行った結果を報告する。",1
"https://ipsj.ixsq.nii.ac.jp/ej/?action=pages_view_main&active_action=repository_view_main_item_detail&item_id=204875&item_no=1&page_id=13&block_id=8","近年、デジタル端末が普及し、多くのオンラインサービスが提供されている。サービス提供者は、サービスを通じて利用者から多くのパーソナルデータを取得し、様々な目的に活用している。その際、サービス提供者はプライバシーの配慮のため、データの取扱いについて説明したプライバシーポリシーを利用者へ提示している。一般的にプライバシーポリシーは契約形式の文章で提示されることが多いが、この形式では利用者が適切に内容を理解したうえでサービス利用とデータ提供について判断ができているとはいえない状況である。一方でサービス提供者には、どのような表現・表示方法が適切なのかが分からないことにより困惑が生まれてしまっていたり、または逆にプライバシーポリシーを利用者の目に触れにくくしようとする意向が生まれてしまっていたりする。そのため、利用者のプライバシー保護のためにもサービス提供者のパーソナルデータ利活用ビジネスの推進のためにも、プライバシーポリシーの表現・表示に対して利用者がどのような反応をするかを明らかにする必要がある。そこで本研究では、複数のプライバシーポリシーの表現・表示方法に関して、オンラインサービス利用者に対するグループインタビュー・ウェブアンケートを行うことで評価をし、適切な表現・表示方法を模索した。",1
"https://ipsj.ixsq.nii.ac.jp/ej/?action=pages_view_main&active_action=repository_view_main_item_detail&item_id=204876&item_no=1&page_id=13&block_id=8","複数の組織が持つデータを統合して利用することで、単一組織のみでは困難なサービスの実現が期待できる。このような組織間データ利用において、データのプライバシ保護は必要不可欠である。本稿では特に匿名加工をともなう2パーティ秘匿クロス集計を取り上げ、通信量の削減が期待できる完全準同型暗号を用いた方式を提案した。このとき、完全準同型暗号を用いることによる計算量の増加をハッシングや加法準同型暗号へのパッキングなどの工夫により抑制した。そして、先行研究の方式と提案方式との理論比較および実装比較を行った。理論比較では、計算量のオーダを変えずに通信量のオーダから支配的な変数を除去することができた。実装比較では、総実行時間についてLAN環境において86.1%、WAN環境において77.7%に削減することができた。",1
"https://ipsj.ixsq.nii.ac.jp/ej/?action=pages_view_main&active_action=repository_view_main_item_detail&item_id=204877&item_no=1&page_id=13&block_id=8","本研究では、なるべく少ない棋譜から将棋プレイヤの棋力を推定する手法を提案する。先行研究の将棋AIを用いた棋力推定の手法では20局程度の対戦を必要としていた。これは、分析対象とする局面の条件に「序盤や終盤の除外」などの制約があるため、1局あたりの分析局面数が少なくなることが原因である。本研究では、平均損失に着目して、どのような局面が棋力推定に有効に働くのかを詳細に調べた。その結果、接戦の局面ほど棋力推定に適していることが判明した。そこで、相手に合わせて動的に強さを調整する接待将棋AIを用いて接戦の局面を多く作ることにより、少ない対局数から棋力推定をする手法を提案した。この手法により、4局程度の対戦でかなり正確に棋力推定ができることを確認した。",1
"https://ipsj.ixsq.nii.ac.jp/ej/?action=pages_view_main&active_action=repository_view_main_item_detail&item_id=204879&item_no=1&page_id=13&block_id=8","公共の場で友人との会話が盛り上がった際に、周囲に迷惑をかけるほど声が大きくなってしまう状況や、プレゼンテーションの際に緊張し声が小さくなってしまう状況など意識的に声量制御ができない場合がある。この問題を解決するために、周囲の雑音が大きい騒音下では、人は不随意的に声が大きくなるというロンバード効果を応用し、2つの声量制御手法を提案する。ホワイトノイズをユーザに聞かせることによって発話時のユーザの声量を増幅させるホワイトノイズ手法、ユーザ自身が聞き取る自身の声量を増幅させることで、発話時のユーザの声量を減衰させる音声フィードバック手法を提案する。ホワイトノイズ手法および音声フィードバック手法それぞれにおいて声量変化の効果を検証しその有用性を確認した。",1
"https://ipsj.ixsq.nii.ac.jp/ej/?action=pages_view_main&active_action=repository_view_main_item_detail&item_id=204880&item_no=1&page_id=13&block_id=8","挙手は身体的コミュニケーションの代表的な動作であり、教室において重要な役割を持つ。著者らは挙手促進技術開発に向け研究を進めてきたが、これまでは個人の挙手にしか着目してこなかった。本研究の目的は、集団コミュニケーションにおける挙手の印象への手の高さと人数の影響を、スクリーンとVRヘッドセットという2種類のCG教室環境の提示方法の元で明らかにすることである。教室と挙手する生徒たちのCGをスクリーンに投影する実験、VRヘッドセットで提示する実験を実施し、それぞれで挙手の印象評価を行った。その結果、各実験に共通して手が高くあがるほど授業や雰囲気をポジティブに評価し、手をあげる人数が多いほど挙手を促す効果があることが分かった。",1
"https://ipsj.ixsq.nii.ac.jp/ej/?action=pages_view_main&active_action=repository_view_main_item_detail&item_id=204603&item_no=1&page_id=13&block_id=8","スポーツ工学分野では、スポーツ人材の育成のための政策が国家的に推進されているが、各選手に質の高い指導を実施できる監督・コーチなどの指導者の不足が喫緊の課題となっている。一方、MEMS（Micro Electro Mechanical Systems）技術の発展により、慣性計測装置の小型化が進んでいる。そのため、その慣性センサを用いた科学的な分析結果に基づくコーチング方法を確立する必要性が高まっている。特に、日本の代表的なスポーツである野球を対象に、打者のスイングフォームを定量的に分析することを目的とした慣性センサの開発が進められている。このセンサより取得された計測データから打者の特性を分析することで、各選手の能力向上につながるスイングフォームの改善点を提示することが可能となる。しかし、大学などの高等教育機関だけでなく、小中高の教育現場において、その分析方法は確立されていない。具体的には、監督・コーチなどの指導者が、そのセンサデータをどのように利活用すればよいか、いい換えると、それを基にどのような指導を実施すべきかを判断することは難しい。そこで、本研究では、スイング計測装置から得られる1スイングだけの情報を基に、スイングフォームを多角的に分析することで、各選手に的確なアドバイスをするための新たな知見が得られるかを検証する。実験は、各個人のティーバッティングと試合でのスイングの計測値に乖離が少なく再現性が高いと考えられるプロ野球選手のスイングを対象とした。",1
"https://ipsj.ixsq.nii.ac.jp/ej/?action=pages_view_main&active_action=repository_view_main_item_detail&item_id=204606&item_no=1&page_id=13&block_id=8","行列乗算は深層学習を含む機械学習の分野で広く使用されている。しかし、行列のサイズが大きくなるにつれて計算量は膨大になっていく。個人が持つ携帯端末やPCなどの限られた計算資源ではそのような大規模な計算を実行することは困難である。この問題を解決するために、個人がクラウドなどの高性能サーバに入力や計算結果を秘密にしたまま安全に計算を委託できる委託計算手法が研究されている。本稿では、秘密分散法に基づき1台のサーバのみを使用して安全で効率的な行列乗算の委託計算を実現できる手法を提案する。1台のサーバによる秘密分散法を用いた委託計算は、1つの秘密情報の複数の分散値に異なる乱数をかけることによって安全に実現される。提案手法は、少なくとも3台のサーバを必要とする秘密分散法に基づく手法の短所を解決し、さらに準同型暗号化に基づく手法よりも非常に少ない計算量で実行することを可能にする。提案手法は、受動的敵対者だけでなく能動的敵対者に対する安全性を持つ。さらに、提案手法は行列乗算に対する既存手法よりも計算量において効率的であることを示す。",1
"https://ipsj.ixsq.nii.ac.jp/ej/?action=pages_view_main&active_action=repository_view_main_item_detail&item_id=204609&item_no=1&page_id=13&block_id=8","IoTシステムのリスク評価は、セキュリティだけでなく、セーフティも含めて評価する必要があるといわれてきており、報告者らもセキュリティとセーフティを両方考慮したリスク評価手法を開発してきた。最近ではさらにリモートメンテナンスが取り入れられつつありメインテナビリティ（M）とセーフティ（S）、セキュリティ（S）を良いバランスで対象システム上に実現していくことが重要になってくる。著者らはこれをMSSコンセプトと名付け、このコンセプトを実現するためのリスク評価の方法と対策案の最適な組合せを求める方式の開発を行ってきた。今回、これを可能とする方式を初めて実現するとともに対応するプログラムを開発した。また、これを医療用の敷布型マルチバイタルIoTモニタシステムに適用した結果、リモートメンテナンスを導入する際に、情報漏洩対策を同時に実施しないと全体のリスクが増大することを明確にした。また、対策コストの種々の制約条件下で、「対策のメリット+ディメリットの減少値」を最大化する対策案の最適な組合せを具体的に求めることができ、それらの対策の組合せを用いると比較的安いコストでメリットの方が大きくなることを明らかにした。これにより、医療用IoTシステムに対しては、MSSコンセプトに基づく対策案の最適な組合せを求めることが可能である見通しを得た。",1
"https://ipsj.ixsq.nii.ac.jp/ej/?action=pages_view_main&active_action=repository_view_main_item_detail&item_id=204323&item_no=1&page_id=13&block_id=8","本論文では、楽曲を特徴付ける要素である楽器編成に基づいて楽曲探索を行うことができるシステムINSTRUDIVEを提案する。 従来、自動認識した楽器編成を用いて楽曲を探索するための効果的な方法は明らかにされておらず、商用音楽配信サービスでも利用されていなかった。本研究では、大規模な楽曲群を扱う前の第1段階として、様々なジャンルの122曲で構成される小規模な研究用公開楽曲データセットを対象に、既存の自動楽器認識手法より高性能な手法を提案したうえで、実際に楽器編成に基づいて楽曲探索が可能な方法を示すことを目的とする。提案する楽器認識手法は、 畳み込みニューラルネットワーク（CNN）モデルに基づいている。 その畳み込み層は音色的な特徴を表現するために周波数軸方向のみに畳み込んだ後に、その時間変化を表現するために時間軸方向のみに畳み込む点が特徴的であり、画像処理で一般的な正方形カーネルを用いた畳み込みとは異なる。 最新手法を含む3種類の既存楽器認識手法との比較評価の結果、提案手法が最も高い認識性能を示した。次に、その認識結果を楽曲探索に役立たせることができる具体的な方法として、楽器編成に基づく新機能を有する楽曲探索インタフェースを提案する。そのインタフェースを実装し、24名の被験者に対して予備評価実験をした結果、実験者が監視していない状況でも、被験者は各楽曲の楽器編成を可視化した円グラフでその違いを把握しながら、楽曲探索が可能なことを確認した。",1
"https://ipsj.ixsq.nii.ac.jp/ej/?action=pages_view_main&active_action=repository_view_main_item_detail&item_id=204324&item_no=1&page_id=13&block_id=8","本稿では、ピアノ演奏時の悪癖アノテーション機能を持つ、ピアノ教師向け悪癖発見支援システムの構築について述べる。 ピアノ演奏者にとって正しい指使いを身につけることは、高度な演奏技術を修得するうえで必須となる。 指使いは身体や運動に依存するため、個人の体格や弾き方に影響されやすい。そのため、演奏者が誤った指使いを身につけた場合、指使いは悪癖として定着しやすく、定着後に修正することが難しい。したがってピアノ教師は、生徒の指使いに関する悪癖を発見し、指導する。 しかし、生徒に悪癖があっても上手に演奏できている場合もあり、教師が一聴しただけでは悪癖の発見が難しい。一方、悪癖を視覚的に判断する手段も存在するが、演奏時の手指の動きは素早いため、教師は実時間で単方向から見ただけでは生徒の悪癖を見逃してしまう。 そこで、提案システムは生徒の演奏を3視点から撮影した映像それぞれをコマ送り再生できる機能、打鍵間隔や打鍵の強さを可視化する機能を持つ。これにより、教師は単に映像を見るよりも効率良く生徒の悪癖を発見できる。また、提案システムは深層学習を用いた悪癖アノテーション機能により、演奏中に悪癖がある箇所を推定し、教師の見逃しを防止できる。 一般的な動画再生機能を持つツールを使用した従来手法群と、提案システムを使用した提案手法群を比較した評価実験の結果、提案手法群が悪癖発見に役立つことが示唆された。",1
"https://ipsj.ixsq.nii.ac.jp/ej/?action=pages_view_main&active_action=repository_view_main_item_detail&item_id=204325&item_no=1&page_id=13&block_id=8","歌唱音声を入力として歌詞を認識しようとしたとき、通常の朗読音声に対する音声認識精度と比較して大きく劣化する。その原因の1つは、歌詞中の各モーラがそれぞれ音符と対応付けられているため、一部の母音が長音化し、挿入誤りが増加してしまうことである。そこで本論文では、別途推定した音符の区切り情報を用い、認識仮説のモーラ区切り時刻に制約を加えることで歌詞認識の高精度化を目指す。27名が歌唱した童謡歌唱データを用いて認識実験を行ったところ、単語認識精度が85.7%から92.0%と大きく改善した。",1
"https://ipsj.ixsq.nii.ac.jp/ej/?action=pages_view_main&active_action=repository_view_main_item_detail&item_id=204329&item_no=1&page_id=13&block_id=8","ソフトウェア開発において、効率的なデバッグ作業の実現を目的とした自動プログラム修正に関する研究が数多く行われている。自動プログラム修正ではバグを含むソースコードとテストスイートを入力とし、自動的にバグ修正の施されたソースコードを出力する。本論文では、著者らが開発している自動プログラム修正のための研究用プラットフォームkGenProgについて紹介する。kGenProgはプログラム修正の過程に対して遺伝的アルゴリズムを採用しており、生物の進化や淘汰を模倣したプログラム修正を実現する。kGenProgは既存のプログラム修正システムと比較して、高処理効率性と高可搬性の2つの特徴を持つ。評価実験として、実際のバグを対象とした適用実験を行い、既存のプログラム修正ツールと比べて処理速度の向上を確認した。",1
"https://ipsj.ixsq.nii.ac.jp/ej/?action=pages_view_main&active_action=repository_view_main_item_detail&item_id=204333&item_no=1&page_id=13&block_id=8","Fault Localization（以降、FL）とは、バグの原因箇所を推定する手法である。既存手法として、テストケースによる実行経路を用いてFLを行う手法が提案されている。この手法では、失敗テストケースによって実行されるプログラム文はバグの原因箇所である可能性が高く、成功テストケースによって実行されるプログラム文はバグの原因箇所である可能性が低い、というアイデアに基づいて推定を行う。既存手法はテストケースを実行することによりFLを行うため、設定ファイル等の直接実行されない箇所にバグが存在していた場合には、正しくFLできないという課題がある。そこで本研究では、ソースコード以外の直接は実行されない箇所がバグの原因である場合でもより正しくFLできるように既存手法を拡張した。拡張した手法の有効性を確かめるため、Java言語のプロパティファイルを対象とした実装を行った。実験では、既存手法（Javaのソースコードのみを対象としたFL手法）と提案手法（Javaソースコードとプロパティファイルを対象としたFL手法）を比較した。実験の結果、バグの原因箇所がプロパティファイルにある場合には、提案手法は既存手法に比べてより正確にFLができていること、およびバグの原因箇所がソースコードにある場合には、提案手法は既存手法に比べてFLの精度がほとんど変わらないことを確認した。",1
"https://ipsj.ixsq.nii.ac.jp/ej/?action=pages_view_main&active_action=repository_view_main_item_detail&item_id=204336&item_no=1&page_id=13&block_id=8","ソフトウェアの変更に対する既存の不具合予測手法には、不具合を混入した可能性のあるコミットの予測の際に、教師データの利用有無にかかわらずプロジェクト固有の特徴を利用するものがある。これらの利用には対象プロジェクト自体のプロジェクトデータの分析が必要であり、変更が十分に実施された後でないと適用が難しい。プロジェクトに依存せず不具合混入に関連するメトリクスであれば、予測対象プロジェクトと異なるプロジェクトデータの学習により、対象プロジェクト自体のプロジェクトデータの分析の必要なく不具合予測を実施できる。我々はそのようなメトリクスとして、コーディングスタイルに対する規約違反に基づくメトリクスに着目した。本研究では、予備実験によりこのメトリクスの利用でプロジェクトによらず不具合混入を予測できることを明らかにしたうえで、このメトリクスを利用した不具合予測手法を提案する。提案手法は、OSSプロジェクトからこのメトリクスにより算出した値と不具合混入との関連を教師データとして利用し、教師あり学習で予測する。評価実験により、予測対象プロジェクトと異なるプロジェクトデータの学習によって、先行研究に近い性能で不具合予測を実施できることを確認した。",1
"https://ipsj.ixsq.nii.ac.jp/ej/?action=pages_view_main&active_action=repository_view_main_item_detail&item_id=204337&item_no=1&page_id=13&block_id=8","長年の開発により大規模化したソフトウェアに対する、効果的なリファクタリングを支援するためのアンチパターン検出手法を提案する。提案手法は、リポジトリマイニングを用いたロジカルカップリング分析に基づき、変更の分散（Shotgun Surgery）、肥満児（The Blob）、重複したコード（Duplicated Code）の3種類のアンチパターンを検出する。提案手法の評価のため、C言語およびC++言語で記述された、大規模なオープンソースソフトウェア（OSS）および組込みシステム製品のソフトウェアを用いた適用実験を行った。組込システム製品の開発者ヒアリングにより、開発者の問題意識に適合したアンチパターンを検出できることを確認した。",1
"https://ipsj.ixsq.nii.ac.jp/ej/?action=pages_view_main&active_action=repository_view_main_item_detail&item_id=204339&item_no=1&page_id=13&block_id=8","ソフトウェアドキュメンテーションとは、ソフトウェアに付随する文書（ソフトウェア文書）を作成することであり、各ステークホルダーが各々にとって関心のある情報を文書化することである。ソフトウェア文書に記載されていない、もしくは最新化されていない情報は、クラウド文書で議論されていることが多く、広く利用されている。クラウド文書で頻出する問合せ（FAQs）は、ソフトウェア文書へ反映することによってクラウド文書への問合せを減らせ、作業の効率化を期待できる。しかし、ソフトウェア文書への反映には事前にFAQsの読解が必要であり、作業リソースが限られるなか、すべての文書を読解することは不可能である。本稿では、膨大なFAQの読解を効率的かつ効果的に実施するために、優先的に読むべき問合せをランキングするクラスタ内文書ランキング手法を検討・評価した。具体的には、文書クラスタごとに単語を重み付けする手法、ICDFを開発し、これをクラスタ内文書ランキングに適用することでA-NDCG 0.703を達成した。",1
"https://ipsj.ixsq.nii.ac.jp/ej/?action=pages_view_main&active_action=repository_view_main_item_detail&item_id=204341&item_no=1&page_id=13&block_id=8","階層状態遷移図を用いた振舞い設計では、いかに適切に状態の階層化を行うかが課題である。適切な階層化が行えない場合は階層的な状態遷移図が複雑になり、可読性や生産性を低下させるという問題が生じるためである。本論文では、この問題を解決するために、階層状態遷移図の記述品質を評価する手法を提案する。この手法は、階層状態遷移図における状態と状態遷移の2つの視点から、階層性を評価する複雑度を定義している。単一の階層状態遷移図に対して、その記述品質を評価できるようにするため、視点別に規模測定量を定義し、それらを用いて当該複雑度を正規化した測定量を定義している。3つの分野と規模の異なる問題に対する記述実験により提案手法の評価を行い、問題による測定値の偏りが小さいこと、設計の良否を判定する基準値を設定できる可能性があることを示した。",1
"https://ipsj.ixsq.nii.ac.jp/ej/?action=pages_view_main&active_action=repository_view_main_item_detail&item_id=204342&item_no=1&page_id=13&block_id=8","屋内での高精度な位置情報は、工場での無人搬送車の制御や商業施設での人のナビゲーションなど、様々なアプリケーションにとって不可欠である。本研究では、回転する磁石を磁気マーカとして用いて、3軸磁気センサで観測される磁束密度の回転周波数に関するフーリエ成分から、磁気マーカの方位角、天頂角、距離を直接推定する手法を提案する。本手法では、磁気マーカの回転に関する位相を知ることなく定位可能で、センサとマーカとの通信は不要である。また、観測される信号の最大値を検知する必要がないため、ノイズに対しても頑健という特徴がある。磁石を回転させた磁気マーカの3次元位置を磁気インピーダンスセンサを用いて推定したところ、z = 150mmのxy平面（4,000mm × 2,500mm）において、絶対誤差の平均は91.7mmであった。また、磁気マーカとセンサの間に金属の遮蔽物があったとしても同程度の精度で定位可能であった。",1
"https://ipsj.ixsq.nii.ac.jp/ej/?action=pages_view_main&active_action=repository_view_main_item_detail&item_id=204345&item_no=1&page_id=13&block_id=8","近年、完全情報ゲームであるチェス、オセロ、将棋といったゲームでは人間のトッププレイヤと同等の実力を持つ人工知能（AI）が実現されている。一方、不完全情報ゲームにおいては、ポーカーでは人間のトッププレイヤと同等の実力を持つAIが実現されているが、麻雀では実現されていない。なぜなら、本研究が対象とする「麻雀」は完全情報ゲームであるチェスや将棋と異なり、対戦相手の所持している手が見えないため、相手の状態や状況の予測が難しいうえ、同じ不完全情報ゲームであるポーカーより考えられる戦局が多岐にわたるゲームだからである。そのようななか、近年トッププレイヤに近い強さを持つといわれる水上ら(2013,2014)による麻雀AIが発表されている。しかしこのAIは役を考慮した鳴きができないという問題点がある。一方、原田らは「Complete Hand Extraction（CHE）」で構築できる可能性の高い役を考慮した着手を実現した。そこで本研究では、役構築を考慮可能な原田らの手法「CHE」を用いて、役構築を考慮した鳴きが可能な麻雀AIを構築し、CHEと対戦させることによりその有効性を確認した。",1
"https://ipsj.ixsq.nii.ac.jp/ej/?action=pages_view_main&active_action=repository_view_main_item_detail&item_id=204346&item_no=1&page_id=13&block_id=8","機器の保守作業のための3DCGを用いた技術学習コンテンツを、専用ソフトウェアの知識がなくてもGUI上で編集できる支援ツールを提案する。本編集支援ツールでは、3DCGオブジェクトを用いた操作指示文章自動生成、3DCGオブジェクトの位置調整、回転アニメーションの自動生成方式を導入し、3DCGの高度な技術を持たないシステムエンジニアでも短期間でコンテンツ編集を可能としている。本編集支援ツールを用いた3種類の保守対象機器向けにコンテンツ編集を通じて、3方式適用前と比較して30%以上の編集工数の削減が可能であることを示した。",1
"https://ipsj.ixsq.nii.ac.jp/ej/?action=pages_view_main&active_action=repository_view_main_item_detail&item_id=204348&item_no=1&page_id=13&block_id=8","インターネットやデジタルデバイスの普及にともない、死後残されるものは形あるものに限らずデータを含むようになった。故人が残すものには私的な追悼や史料としての価値もあるが、死後の個人情報や故人のプライバシに関する制度は未整備である。本論文では日常的にインターネットを利用している大学生を対象としてアンケート調査を実施した。その結果、故人のデータについて史料としての有用性は認めつつも、プライバシへの懸念があること、また死後のデータの扱いについては、自分のデータであれば削除や遺族に任せる傾向があるが、家族や友人のデータは残したい、あるいは判断できないといった対照的な傾向が見えた。死後のデータの扱いについて、故人当人の意思表示やと遺族が何を根拠して判断すべきかなど、プライバシと同時に遺族の追悼感情や後年の歴史的な価値を考慮したうえでのルール作りの必要性が見えてきた。",1
"https://ipsj.ixsq.nii.ac.jp/ej/?action=pages_view_main&active_action=repository_view_main_item_detail&item_id=204258&item_no=1&page_id=13&block_id=8","システム開発の最終段階に実施されるシステムテストケースの設計では、自然言語で書かれた仕様書からテストに必要な入力項目や確認項目を抽出し、抽出した入力項目・確認項目のパラメータを具体化してテストケースが作成される。一方、自然言語で書かれる仕様書は論理関係に曖昧さを含むため、左記の仕様書をもとに作成されるテストケースは、テスト設計者の論理関係の解釈誤りによって不適当になることがあるという課題がある。本研究では、日本語の仕様書から命題論理の記号を用いることで論理関係の曖昧さを排した、セミ形式記述と呼ぶ表現へ変換するアルゴリズムを開発した。セミ形式記述の仕様を対象に入力・確認項目間の論理関係をレビューすることで正しい論理関係へ修正する。論理関係を修正したセミ形式記述は、本研究で開発したテストケース生成アルゴリズムにより、自動的にデシジョンテーブル形式のテストケースへと変換される。本研究で開発したアルゴリズムを電気ポットの仕様文に適用した。提案アルゴリズムにより日本語の仕様文の曖昧さを排除したセミ形式記述へと変換されること、セミ形式記述から自動的にデシジョンテーブルが生成されることを確認した。",1
"https://ipsj.ixsq.nii.ac.jp/ej/?action=pages_view_main&active_action=repository_view_main_item_detail&item_id=204259&item_no=1&page_id=13&block_id=8","近年のインターネット社会では、SNS（Social Networking Service）の利用による薬物売買や児童ポルノ、自殺幇助といった様々なサイバー犯罪が問題視されている。特に薬物売買は、インターネットの匿名性を利用した売買手法について潜在化や巧妙化が進行しており、平成29年では薬物利用による検挙人員の約半数は青少年であった。そのため、厚生労働省では、警察庁と連携し、有害情報をフィルタリングするシステムの導入を促進しているが、検挙人員の低下にはつながっていない。さらに公開型のSNSを中心に、薬物売買を示唆するアカウントが頻繁に作成されているため、個別に対応するだけでは根本的な解決につなげることは難しいという課題がある。そこで、本研究では、特に重要度が高いとされるマイクロブログを対象に、機械学習を用いて薬物売買を行うユーザの自動抽出を試みる。さらに、ユーザ間の関係から、薬物売買に興味があるコミュニティを包括的に把握可能なシステムを開発する。実証実験の結果、薬物売買に関連するユーザを高精度に抽出し、ユーザの有害判定やネットワークの可視化を実現できることを証明した。",1
"https://ipsj.ixsq.nii.ac.jp/ej/?action=pages_view_main&active_action=repository_view_main_item_detail&item_id=204260&item_no=1&page_id=13&block_id=8","地球温暖化の影響で、湖沼などの環境悪化をもたらすアオコの増殖が問題となっている。アオコ除去装置はこれまでいくつか開発されてきているが、これらの装置は、使用に手間がかかる点、作業者に危険がともなう点、作業範囲が限られる点が問題となっていた。本研究では、ドローンと自走型アオコ除去ロボット、クラウドサーバを連携させることで、アオコの発生場所を自動で検知し、自律的にアオコを除去する自律型アオコ除去システムを提案する。本システムの特徴は、タブレットPCを用いてドローンと自走型アオコ除去ロボット、クラウドサーバを連携させることで、アオコの発生場所を自動で検知し、自律的にアオコを除去できる点である。本システムではアオコの発生場所を自動で検知する必要があるため、アオコの有無を判定するアオコ判定システムの精度評価を行うことは、本システムを評価するうえで重要である。本論文では、アオコ判定システムにおけるアオコ判定方法を提案し、その評価結果を示す。",1
"https://ipsj.ixsq.nii.ac.jp/ej/?action=pages_view_main&active_action=repository_view_main_item_detail&item_id=204261&item_no=1&page_id=13&block_id=8","フィッシングによる攻撃は過去最大規模に拡大している。フィッシング対策の1つに、ユーザによるフィッシングサイトへのアクセスをブラックリストを用いてフィルタリングする方式がある。セキュリティベンダに代表される解析者が疑わしいウェブサイトにアクセスしてフィッシングサイトであると判定することでブラックリストに追加される。しかしながら、フィッシングサイトにはサーバサイドで実装されるアクセス妨害機能が存在し、アクセス時の条件によりアクセスできない場合がある。フィッシングサイトを確実にブラックリストに追加するために、アクセス妨害機能の実態を把握することは重要であるが、インターネット上に実在するフィッシングサイトでこの機能がどの程度動作しているかは明らかではない。本研究では、フィッシングサイトのアクセス妨害機能の解析手法の提案と、アクセス妨害機能に関する大規模な調査を実施した。フィッシングキットと呼ばれるフィッシングサイト構築ツールに対してHTTPリクエストを送信することでアクセス妨害機能を動作させるための条件を解析し、フィッシングサイトのアクセス妨害機能の有無を調査した。調査の結果、インターネット上に実在する4,901件のフィッシングサイトのうち、HTTPリクエストで設定可能なUser-AgentとRefererによるアクセス妨害機能を有するものが10.4%あることが判明した。",1
"https://ipsj.ixsq.nii.ac.jp/ej/?action=pages_view_main&active_action=repository_view_main_item_detail&item_id=204262&item_no=1&page_id=13&block_id=8","近年、ホームネットワーク内のIoT機器を狙ったサイバー攻撃の脅威が顕在化している。本研究では、一般消費者の家庭のネットワーク環境を模擬したテストベッドを構築し、サイバー攻撃の観測および当該攻撃がホームネットワークに及ぼす影響の分析を行う。多くの家庭で一般的に使用されていることが見込まれるIoT機器複数台とWi-Fiルータを用意し、インターネットに接続されたネットワークを構成する。当該ネットワークの通信トラフィックを観測可能な機器を付設したうえで、疑似的に攻撃を発生させる。すでに存在が確認されている攻撃手法にくわえ、今後出現しうる攻撃手法も想定し、それらの攻撃がホームネットワークに与える影響を調査する。また、すでに流通しているホームネットワーク向けのセキュリティ製品がそれらの攻撃を検知できるか検証する。調査の結果、想定した攻撃手法の多くが実際にホームネットワークに影響を与えうることが分かった。また、検証対象としたセキュリティ製品が、本研究で想定した攻撃の大半を検知できず、検知可能な対象がポートスキャン等の一部の攻撃に限られることが分かった。",1
"https://ipsj.ixsq.nii.ac.jp/ej/?action=pages_view_main&active_action=repository_view_main_item_detail&item_id=204263&item_no=1&page_id=13&block_id=8","ネットワークやコンピュータの正常な利用を妨げるDenial of Service（DoS）攻撃の発生件数、規模が年々増加している。DoS攻撃の一手法であるSlow HTTP DoS攻撃は比較的少ないトラフィックで実行可能であり、トラフィック量の監視といった単純な方法では検出が困難である。そこで、タイムアウトの設定、クライアントごとの同時リクエスト数制限、機械学習による検出といった対策手法が提案されているが、正当ユーザへの悪影響や、多数の攻撃元を用いる分散型DoS攻撃への耐性などの問題を残している。本稿では、Slow HTTP DoS攻撃に対し、クライアントごとのTCPコネクションの数と継続時間に基づき、攻撃コネクションを選択的に切断することによる防御手法を提案した。50の攻撃者を模擬したシミュレーション実験の結果、正当ユーザのトラフィックに基づき適切なパラメータを設定すれば、正当ユーザが誤って切断される確率は1%未満と、許容できる程度であることが分かった。",1
"https://ipsj.ixsq.nii.ac.jp/ej/?action=pages_view_main&active_action=repository_view_main_item_detail&item_id=204266&item_no=1&page_id=13&block_id=8","通信技術の発展にともない、Q&Aウェブサイトは大規模な知識共有の重要な手段の1つになっている。しかし、Q&Aウェブサイトにおける回答者と質問者の間には、1)相手のことが分からない、2)質問者の態度やいい方が好きではない、という2点に起因する知識共有バリアが存在する。そこで本論文では、これらのバリアを低減するために、Q&Aシステムにおいて質問者と回答者を仲介する、各ユーザにとって好ましいバーチャルエージェントがデザインできるツールを提案する。このツールでは、エージェントの外見と性格に関するパラメータをユーザが調整するだけで自分にとって好ましく感じるエージェントが自動生成される。評価実験の結果より、このツールを用いることで、実験参加者の大多数が自分にとって好ましいバーチャルエージェントを作成できることが確認できた。また、作成されたエージェントをQ&Aシステムに導入した場合、回答意欲が高まることが分かった。",1
"https://ipsj.ixsq.nii.ac.jp/ej/?action=pages_view_main&active_action=repository_view_main_item_detail&item_id=204268&item_no=1&page_id=13&block_id=8","スマートフォンの普及により、多くの人々が容易に写真を撮影できるようになった。それにともない盗撮等の違法撮影行為や、それらをインターネット上にアップロードすることによる著作権侵害等の増加が深刻な社会問題となっている。本稿では、OFDM変調されたLED照明光で環境を照らし、その周波数スペクトル分布により撮影画像の違法性を判定する手法を提案する。分類器を用いた評価実験の結果、JPEG圧縮画像を含む5184枚の画像に対して違法画像受け入れ率1.92%、合法画像拒否率0.50%で判定できることを確認した。",1
"https://ipsj.ixsq.nii.ac.jp/ej/?action=pages_view_main&active_action=repository_view_main_item_detail&item_id=204270&item_no=1&page_id=13&block_id=8","CIツールなどを用いた自動テストに基づき、プログラムの正しさに焦点を置いた教育はしばしば行われている。しかし、自動テストはプログラムの振舞いを確認するだけにとどまるため、プログラムの品質に焦点を置いた教育を行うことは難しい。プログラムの品質を客観的に計測するツールは数多く開発されているものの、これらのツールは問題箇所を指摘するものであり品質の良さを褒めるものではないため、プログラミングに対する苦手意識を学生に植え付ける可能性がある。また、品質計測ツールはメトリクス計測結果を実測値のまま提示する。その結果には品質の高さに基準が定められていないため、学生は自身の作成したプログラムの品質がどれほどの水準を達成しているのか判断できない。結果として、学生がこれらのツールを使いこなすことは難しく、プログラムの品質向上にはつながっていないのが現状である。そこで本研究では、家庭用ゲームで用いられている「実績」と呼ばれるコンセプトを取り入れ、プログラムの品質を可視化する教育手法を提案する。適用実験として、学部3年生を対象とした授業にこの手法を取り入れ、受講生の作成するプログラムの品質向上、品質に対する受講生の意識改善、およびプログラミングに対するモチベーション向上に効果があることを確認した。",1
"https://ipsj.ixsq.nii.ac.jp/ej/?action=pages_view_main&active_action=repository_view_main_item_detail&item_id=204271&item_no=1&page_id=13&block_id=8","集団対戦型フィールドスポーツでは、競技を優位に進めるために、基本戦術への理解が重要である。そのためには、基本戦術がどのような状況で使用されるか、どのように動くかを理解する必要がある。本研究では、バスケットボールに着目し、戦術の適用シーンを自動抽出して、バスケットボール初学者に対して分かりやすく見せることによって、戦術が適用される場面での判断の基準を形成できるようなシステムを構築し、支援を行う。",1
"https://ipsj.ixsq.nii.ac.jp/ej/?action=pages_view_main&active_action=repository_view_main_item_detail&item_id=204277&item_no=1&page_id=13&block_id=8","世界的な海産物需要増加にともない、養殖業が世界的に注目されている。養殖業では養殖場内の適切な環境管理が重要であり、特に海水温の影響は大きいため、安定して供給を行うためには海水温を高精度に予測する必要がある。本論文では、予測モデルにニューラルネットワークを取り入れ、複数の予測期間に対応可能なアルゴリズムの提案とその実装について述べる。評価実験として1年分の海水温予測を実施した結果、翌日の1時間ごとの海水温は平均誤差約0.2～0.4℃、1週間先までの日平均海水温は平均誤差約0.2～0.5℃ であり、従来手法と比較して最大約1℃ 誤差が減少した。これは従事者のニーズである誤差1℃ 以内を十分満たしており、水温被害の対策など幅広く活用可能である。",1
"https://ipsj.ixsq.nii.ac.jp/ej/?action=pages_view_main&active_action=repository_view_main_item_detail&item_id=204283&item_no=1&page_id=13&block_id=8","音楽データを自動的に解析してその演奏楽器を分類できれば、それらの音楽データを自動的に分類して検索するサービスを開発することが可能となる。そこで、本論文では、畳み込みニューラルネットワークを用いて演奏音データに含まれる演奏楽器を分類する手法を提案する。近年、畳み込みニューラルネットワークを用いた演奏楽器の分類手法が研究されてきたが、従来手法には過学習を回避することが難しいという問題があった。そこで、本論文の提案手法では、複数の計算経路を持つことで高い汎化性能を発揮する畳み込みニューラルネットワークResNetを用いて演奏楽器の分類を行う。また、汎化性能改善手法であるSignal Augmentationを導入することにより、畳み込みニューラルネットワークの分類性能の向上を目指す。本論文では、演奏楽器分類タスクのためのデータセットであるIRMASを用いた実験を行い、実験結果より提案手法が従来手法よりも高い精度で演奏楽器を分類できることを示す。提案手法は楽器分類タスクにおいて高い分類性能（F値：0.708）を達成しており、これは現時点（2018年12月）における世界最高性能（state-of-the-art）である。",1
"https://ipsj.ixsq.nii.ac.jp/ej/?action=pages_view_main&active_action=repository_view_main_item_detail&item_id=204284&item_no=1&page_id=13&block_id=8","セキュリティ警告はセキュリティ脅威への遭遇可能性をICT利用者に伝え、それを回避可能にするための仕組みである。しかし、利用者の多くはセキュリティ警告を有効活用していないという現状がある。そこで本研究では、セキュリティ警告の効果改善を目的とし、「かわいい」と感じる視覚的刺激による行動誘引効果をセキュリティ警告に応用することを提案する。このアイデアに基づき、セキュリティ警告内に「かわいい効果」をもたらしうる画像を導入したプロトタイプ警告を実装し、それを用いて実験参加者による評価実験を行った。その結果、かわいい効果を導入した警告は既存の“そうではない”警告と比較してセキュリティ警告内の警告文を理解するよう利用者を誘引できる、という結果を得た。",1
"https://ipsj.ixsq.nii.ac.jp/ej/?action=pages_view_main&active_action=repository_view_main_item_detail&item_id=204285&item_no=1&page_id=13&block_id=8","本論文では任意の画像から、画像内に存在する物体の図形の構造を考慮した絵描き歌を自動生成するシステムについて述べる。相手に物事を説明するシーンにおいて、口頭のみでの説明と比べ、それに絵を加えた説明のほうが聞き手に強い印象を与えることができる。しかし絵を描くことに対して苦手意識を持つ人は、絵を描いて説明するということに対し羞恥心を感じ、口頭のみでの説明を行わざるを得なくなる。そこで我々は絵を描くことに対して苦手意識を持つ人が気軽に絵を練習できる方法として絵描き歌を提案する。任意の絵に対して、いちいち絵描き歌を人が作成するのは非常に手間がかかるため、我々は任意の画像から自動で絵描き歌を生成するシステムを開発した。さらに物体の構造に着目することでより人間に理解しやすい絵描き歌手法を提案する。従来の絵描き歌の歌詞は物体を構成するパーツの形状をとらえて作成されており形状に対するユーザの理解を促進するが、絵を描くのに必要な『位置関係』については触れられていないため、本手法では従来の歌詞に加えてパーツの位置関係も明示することにより、さらに詳しく物体の特徴をとらえることを可能にした。ユーザは絵描き歌にしたい対象を撮影し、システムに入力する。システムはユーザが撮影した画像を受け取り、パーツ分けをする。その後パーツごとの構造（形状・位置関係）を取得し、それに合わせた歌詞を自動生成する。本システムについて評価を行った結果、本システムを利用することにより絵を描くことに対する苦手意識の低減につながることが確認できた。",1
"https://ipsj.ixsq.nii.ac.jp/ej/?action=pages_view_main&active_action=repository_view_main_item_detail&item_id=203141&item_no=1&page_id=13&block_id=8","視線入力インタフェースにおいて小さなターゲットを選択することは非常に困難であり、容易にするためにはインタフェースデザインの変更か動作時間の増加を強いられる。本稿では、動作時間やデザインの汎用性を維持した状態で小さなターゲットを選択することを容易にすることを目的として、エリアカーソルの一種であるバブルカーソルを視線操作時のカーソルとして用いる手法を提案する。バブルカーソルが視線入力インタフェースにおいてどのような挙動をするのか確認するため、マウスのバブルカーソルと視線のポイントカーソル、そして視線のバブルカーソルに対してポインティングタスクを行った。その結果、視線カーソルをバブルカーソルに変更したものはポイントカーソルよりもつねに高速に動作したうえ、ユーザビリティ評価指標もポイントカーソルよりも有意に高かった。したがって視線カーソルにバブルカーソルを用いる提案手法はポインティングを容易に、かつ高速にするうえで有効な手法だといえる。",1
"https://ipsj.ixsq.nii.ac.jp/ej/?action=pages_view_main&active_action=repository_view_main_item_detail&item_id=203142&item_no=1&page_id=13&block_id=8","スマートフォン等の小型携帯端末における片手でのズームアウト操作について、圧力感知マルチタッチ技術を使用する2つの手法（Bounce BackとForce Zoom）を提案する。Bounce Backは、ユーザが指で画面を押し続けている間の画面に与える圧力を計測し、ユーザが指を離すとその圧力に応じて飛び跳ねるようにズームアウトする。Force Zoomもまた同様に圧力を計測し、ユーザが画面を押すと表示物が押し遠ざけられるように連続的にズームアウトする。本研究では、提案する2つの手法と先行研究で提案されている類似手法および小型携帯端末版Googleマップで用いられているズーミング手法の4手法の比較実験を行った。その結果、Bounce BackとForce Zoomは作業実行時間が先行研究の手法より有意に短く、操作回数が先行研究の手法と小型携帯端末版Googleマップの手法より有意に少ないことが確認された。",1
"https://ipsj.ixsq.nii.ac.jp/ej/?action=pages_view_main&active_action=repository_view_main_item_detail&item_id=203145&item_no=1&page_id=13&block_id=8","車椅子利用者等の身体が不自由な人を電子的にナビゲートするには、「歩行空間ネットワークデータ」の整備が必要である。歩行空間ネットワークデータとは、歩道や横断歩道をノードとリンクでネットワークとして表現し、各々のリンクに幅員や傾斜等の様々なバリアに関する情報を属性として持たせたものである。しかし、このようなデータは今のところ十分整備されておらず、網羅的な整備には通常の工程をふむと莫大な費用がかかる。そこで本研究では、既存の地理データを活用し、上記データの要となる、歩道と横断歩道のネットワークデータを効率的に自動作成する方法を提案する。加えて、車椅子利用者が通れるかの判断に有用な歩道の幅員も同時に抽出する。提案手法は大まかに3つの工程からなる。(1)歩道情報の抽出に関しては、専門家が高精細航空写真をトレースする等して作成した電子地図に一般的に歩道の領域が描かれているため、このデータから歩道中心線と幅員を求める。(2)横断歩道に関しては、それらの位置と向きを航空写真から抽出する。(3)最後に、抽出した歩道および横断歩道の情報を適切に接続して歩行者道路ネットワークデータを構築する。提案手法を用いて、JR山手線をカバーする幅員情報付き歩行者道路ネットワークデータを作成し、評価した結果も報告する。",1
"https://ipsj.ixsq.nii.ac.jp/ej/?action=pages_view_main&active_action=repository_view_main_item_detail&item_id=203147&item_no=1&page_id=13&block_id=8","銀行のオンラインシステムに代表される業務システムでは、オンライン処理とバッチ処理が別計算機で実行される。しかし、計算機の処理能力向上とともに、計算機資源を十分に利用しない時間帯が生じ、分割損が生じている。両処理の計算機資源の利用量は時間帯で異なるため、両処理を同じ計算機で実行するシステム構成とすることで、分割損を軽減し、計算機資源の利用効率の向上が期待できる。しかし、このシステム構成においては、2つの処理の負荷を分散させ、バッチ処理の負荷がオンライン処理の応答時間に悪影響を与えないようにすることが強く求められる。しかし、負荷分散は、プロセス優先度を用いたプロセッサ割当て制御だけでは不十分であり、ディスクに対するI/O要求の負荷分散が必要である。本論文では、オンライン処理とバッチ処理のファイルI/Oの特徴として入出力データ長に着目し、ディスクに対するI/O要求の短期の負荷分散を行うディスクI/O制御方式を提案し、FreeBSDに実装し評価した結果を述べる。",1
"https://ipsj.ixsq.nii.ac.jp/ej/?action=pages_view_main&active_action=repository_view_main_item_detail&item_id=203154&item_no=1&page_id=13&block_id=8","スマートフォンに搭載されたセンサを利用し、ユーザの状態を推定する研究が多数報告されているが、実用性の観点では各種センサを常時稼働させることによる消費電力が課題となる。そこで本研究では、各種センサの稼働を抑制することによりセンシングにおける省電力化を実現するとともに、深層学習のモデルであるStacked Denoising AutoEncoder（SDA）を用いて、サンプリングされたセンサログから元のセンサログを復元する手法を提案する。まず、スマートフォンに搭載された加速度センサとジャイロセンサを用いて、21名の試験参加者から計603日分のログを収集した。次に、収集したログを任意の時間幅でサンプリングすることによって意図的に間欠データを作成し、SDAを用いて間欠部の復元を行うモデルを構築した。その結果、提案手法はベースライン手法と比較して、復元精度が38.89%以上改善可能であることが示された。",1
"https://ipsj.ixsq.nii.ac.jp/ej/?action=pages_view_main&active_action=repository_view_main_item_detail&item_id=203157&item_no=1&page_id=13&block_id=8","農業従事者の高齢化にともない、農業IoTの導入による農業の効率化が求められている。センサを農場に設置して常時観測し、客観的な指標に基づいて栽培における各種判断をすることが期待されている。従来の経験に基づいた栽培を脱し、客観的指標に基づいた農業のマニュアル化・大規模化が可能になる。しかし、センサを用いて大量のデータを取得し、植物の特性を把握したうえで適切な栽培判断の指標を確立するためには、多くの変数をともなうデータ分析が必要となる。本研究では、経済的価値の高い実用花卉であるトルコギキョウを対象として、栽培時に起こるロゼット化およびブラスチングと呼ばれる個体損失要因を分析する。土壌センサを用い、組合せ的に設計された試験からデータを取得し、階層ベイズモデルを用いた個体損失の予測モデルを構築することで、個体損失が発生する条件を解明することを目指す。トルコギキョウにおける既存の知見に基づいて個体損失モデルを設計し、センサの測定値と組合せ的な試験区設計に基づいて取得したデータを適用した。その結果、ロゼット化およびブラスチングに対する各要因の影響の度合いを数値化し、それらの結果が既存の知見と合致することを確認しただけでなく、個体損失に関する新規の知見を得られる可能性を見出した。",1
"https://ipsj.ixsq.nii.ac.jp/ej/?action=pages_view_main&active_action=repository_view_main_item_detail&item_id=203172&item_no=1&page_id=13&block_id=8","本論文は、家人による解錠操作と、ピッキングによる解錠操作を区別することを目的とするものである。住宅のセキュリティを考える際、出入り口以外は一般的に人が出入りしないため、簡易なセンサによって不正な侵入を検知することが可能であるが、出入り口は家人も出入りするため、単純なセンサによる検知はできない。監視カメラの設置は一般的であるが、侵入があったことを後日知ることはできても、侵入時にその侵入を検知するには有人監視を常時行うしかない。そこで、本論文では、Kinectを用いて不正な侵入を自動的に検知するシステムの提案を行う。Kinectを用いた動作識別の研究はすでに行われており、不正な侵入のなかでも、通常の出入りとは異なる、ドアを破壊するような行為の検知は既存技術でも対応可能である。そこで、本論文では家人による解錠操作と、ピッキングによる不正な解錠操作を区別する点に重点を置いた。本研究では機械学習を用いている。大量にデータを集めて学習しさえすれば、従来の単純な機械学習でも家人による解錠操作とピッキングを区別できる可能性はあるが、訓練にかかる時間や計算機のメモリが問題となる。そこで、本研究では、少人数の被験者のデータで効果的に訓練できる方法を模索した。具体的には、体格差の統一や行動周期の統一、擬似的サンプル数の増加である。Kinectを使用することにより、撮影された画像を保存する必要がないため、被撮影者のプライバシも保護される。実験の結果、線形補間により生成したサンプルを追加した場合のCNNを用いたピッキングの区別はF値の平均57%であったが、被験者によっては94%の精度で区別ができ、類似の特徴を持つ他人がいる場合に精度が大きく上昇する可能性があることが分かった。",1
"https://ipsj.ixsq.nii.ac.jp/ej/?action=pages_view_main&active_action=repository_view_main_item_detail&item_id=202718&item_no=1&page_id=13&block_id=8","活き活きとしたスマートシティを実現するためには、MaaS、イベント、施設などの運営者が多数の人の流れ（以下、人流）を把握することで、より最適な移動手段選択、混雑緩和、事故防止につなげることが重要である。本論文はこうした運営者が人流を把握することを目的とし利用者などの端末を測位する方法を提案、評価し有効性を示す。まず、従来測位方式および技術的課題を述べる。広く普及している人工衛星による測位方式は屋内測位が困難である。また、屋内測位できる方式であっても、端末が自身の測位をして結果をサーバなどに通知する必要があり、アプリケーションのインストールを要する。そこで、これらの課題を解決する新方式を提案する。提案方式は、通常の無線LAN端末が対象、端末にアプリケーション不要、端末が分散アンテナを用いたアクセスポイントに帰属するとアクセスポイントが端末を測位可能、歩行者動線取得可能という特徴を持つ。提案方式の1次元測位実験の結果、通常の無線LAN端末で、アプリケーション不要、歩行者動線取得、高精度測位（精度1m～5m）を実現した。最後に、フィールド実証としてこの提案システムを来場者が多数集まる展示会で動作させ、実フィールドでの有効性を明らかにした。展示会では来場者で混雑しても、提案方式のうちRTT（Round Trip Time）測位には大きな影響がなく、来場者から高い評価を得た。",1
"https://ipsj.ixsq.nii.ac.jp/ej/?action=pages_view_main&active_action=repository_view_main_item_detail&item_id=202719&item_no=1&page_id=13&block_id=8","本研究では高度運転支援アプリケーションへの適用を目的とし、LiDARより安価な単眼カメラと地図情報を用いて、誤差0.3m相当の高精度位置推定技術の実現を目指す。車載カメラ画像と地図による位置推定は、カメラ画像中の特徴と事前に生成した地図情報に含まれる特徴との照合を行うことで地図上の自車位置を推定する技術であるが、周囲に特徴物が少ない場合など、照合できる特徴の数が減少した場合に位置精度劣化の恐れがある。そこで本研究では、車載カメラ画像の時系列データを利用することで照合の手がかりを増加させる手法を提案し、環境変化に対する位置精度の頑健性を向上させた。実験では実走行データを用いて、照合できる特徴の数と位置精度との関係を検証した結果、提案手法では照合できる特徴数の減少にともなう位置精度劣化の度合いが大幅に改善される傾向が見られた。実環境に則した精度劣化シーン（構造物少、照明変化）では、位置誤差0.3m以下を満たす場所の割合は従来手法でそれぞれ70%台であったのに対し、提案手法では100%近くまで改善可能であることを確認した。",1
"https://ipsj.ixsq.nii.ac.jp/ej/?action=pages_view_main&active_action=repository_view_main_item_detail&item_id=202721&item_no=1&page_id=13&block_id=8","本研究では、運転者が走行中に保持しようとする車間時間と道路交通における交通流の関係について、セル・オートマトン方式による交通流シミュレーションによって解析した結果について報告する。高速道路上のサグなどでは、通過時に緩やかな減速が生じる箇所を起点とする自然渋滞が発生することがある。こうした交通渋滞は、先行車両の減速に対してより強い減速を行う車両が連続する状況で発生することが報告されており、先行車の減速に対して緩やかな減速で対応可能とするためには、十分な車間距離（車間時間）保持が必要となる。そこで、実測した車間時間分布に基づいて、各車両が設定した保持車間時間以上の車間時間を保持するモデルによって、現実の車間時間分布をシミュレーション環境内で再現し、各車両が保持する車間時間と流量との関係を調べた。その結果、3秒以上の車間時間を保持する運転者が増えると、衝突事故防止効果が高まるだけでなく、交通流の円滑化効果も高まることを示した。",1
"https://ipsj.ixsq.nii.ac.jp/ej/?action=pages_view_main&active_action=repository_view_main_item_detail&item_id=202724&item_no=1&page_id=13&block_id=8","ゴミの排出量は、住民の家族構成やその生活パターンに影響され、都市そのものの変化を反映する。したがって、ゴミ排出量データが取得可能となれば、清掃車のルート最適化や排出量削減のための啓蒙など、様々な行政施策に利活用可能と考えられる。しかし、現在取得可能なゴミ排出量データは清掃車ごとの回収量にとどまっており、粒度が粗く細微な都市の変化をとらえることは困難である。ゴミは排出量に基づく多様な行政施策を可能とするには、回収地点や量を含む細粒度データが必要となるが、そのようなデータを取得する実際的な手法は欠如している。そこで、本論文ではDeepCounterを提案する。DeepCounterは清掃車に搭載され、清掃車の後方動画に深層学習による物体検出技術を適用することで、清掃車が回収作業をしながらリアルタイムに回収したゴミ袋の個数を推定するセンシングシステムである。実験では藤沢市を走行する清掃車の後部ドライブレコーダで撮影した動画を用いて、提案手法の有効性を検証した。",1
"https://ipsj.ixsq.nii.ac.jp/ej/?action=pages_view_main&active_action=repository_view_main_item_detail&item_id=202727&item_no=1&page_id=13&block_id=8","車椅子に不慣れな人は多くの場合、屋外を移動することに不安を感じ、坂道を通行する際には恐怖を感じることもある。このため、彼らが車椅子に乗る感覚に慣れることなどを目的として、Virtual Realityを用いた車椅子シミュレータが数多く開発されてきた。しかし、従来のシミュレータでは、コストと現実感がトレードオフの関係にあった。この問題を解決するために、我々は、電動車椅子の前進動作とHMD上に表示されたVection誘発映像を組み合わせた車椅子シミュレータを提案する。これは、電動車椅子でバリアを通過する映像をHMDで表示し、電動車椅子の前進動作の速度をHMD上の映像に合わせながら変化させるアプローチである。市中製品だけを用いて構築したプロトタイプシステムを用いた検証実験では、坂道を通過する感覚を高めるためのHMDと電動車椅子の挙動を明らかにした。一方、HMD上の映像視点が固定されているため、実在する坂を通過しているかのような現実感は十分には提供できていないことも判明した。",1
"https://ipsj.ixsq.nii.ac.jp/ej/?action=pages_view_main&active_action=repository_view_main_item_detail&item_id=202728&item_no=1&page_id=13&block_id=8","人と人のコミュニケーションでは、コミュニケーションを円滑に行うために、相手の気持ちや状況の理解が重要となる場面があるが、ときとして相手の気持ちを判断することが困難な場合もある。本論文では、ウェアラブルパブリックディスプレイに自分の気持ちを提示することで、同じ空間で生活する人々との気持ちの共有を支援する手法を実現することを目的に、そのプロトタイプとして、気分を表すキャラクタのイラストが印刷されたシールを制作した。そして、大学の研究室内で学生にシールを身につけながら生活してもらう実験を実施した。その結果、身につけているシールの内容が、気持ちを理解するための手がかりとなったことや、コミュニケーション開始時の話しかけやすさに影響を与えたことが分かった。また、身につけていたシールが学生同士のコミュニケーションのきっかけとなったことが確認された。",1
"https://ipsj.ixsq.nii.ac.jp/ej/?action=pages_view_main&active_action=repository_view_main_item_detail&item_id=202730&item_no=1&page_id=13&block_id=8","本論文では、利用者が日常的に行動している地域での散策支援システムについて述べる。観光分野において散策を支援する取り組みは多く行われているが、観光資源量の違いから、日常的に行動している地域での散策に適用することは困難な可能性が高い。そこで本研究では、宝探しの要素を取り入れることにより、地域に関する新たな発見を促す散策支援システムの開発を行った。本研究の貢献は以下である。(1)宝探しの要素を加えた散策支援システムを提案し、実現した。(2)提案システムを用いることで、地域に関する新たな発見を促すことを示した。具体的には、特徴的なオブジェクトや見つけにくいオブジェクトのスポット、興味を引くようなコメントが散策支援において重要であることを示した。",1
"https://ipsj.ixsq.nii.ac.jp/ej/?action=pages_view_main&active_action=repository_view_main_item_detail&item_id=202731&item_no=1&page_id=13&block_id=8","子供のころの歯みがきは、その後の虫歯のなりやすさ、歯並び、噛み合わせの良し悪しに大きく影響することが知られている。しかし親が子供に無理やり歯みがきをさせてしまうと、「歯みがきは苦痛な行為である」と刷り込まれてしまう恐れがある。著者らは、子供が楽しく歯みがきが行えるようにするための歯ブラシ動作計測機能付きアプリケーションを開発した。磁石を装着した歯ブラシと、スマートフォンに搭載されている地磁気センサを用いて構築されている。地磁気センサが磁石に反応し値が変化することに着目し、地磁気センサの値を解析して磨き箇所の特定が行えるようにした。磨いた箇所近辺の歯が綺麗になってゆく様子を表示するゲーミフィケーション機能を備えている。",1
"https://ipsj.ixsq.nii.ac.jp/ej/?action=pages_view_main&active_action=repository_view_main_item_detail&item_id=202734&item_no=1&page_id=13&block_id=8","対話型エージェントの日常生活における存在感が増している。ユーザが親しみを感じやすい対話型エージェントの研究は多角的な視点で進められており、我々はエージェントがユーモアを提示することで親しみやすさを向上させるアプローチに取り組んできた。しかし、この先行研究を含む従来技術では、ユーザが発話中に用いる単語に特定のルールを設ける必要があり、一般的なコミュニケーションシーンに適用できないという問題がある。この問題を解決するために、文のトピックを考慮してボケるエージェントを提案する。これは、先行研究において聞き間違えを行う元の単語と、聞き間違えた結果の単語の選定時に文のトピックを考慮するようにしたものである。この提案により、ユーザが特定のルールに則った発言をしなくても、エージェントはユーモアを提示できるようになる。プロトタイプシステムを用いた検証実験の結果、従来方式よりも提案方式を用いた場合の方が、ユーザはエージェントに対して親しみを感じやすくなることが示唆された。",1