https://ipsj.ixsq.nii.ac.jp/ej/?action=pages_view_main&active_action=repository_view_main_item_detail&item_id=206177&item_no=1&page_id=13&block_id=8, 映像をリアルタイムに配信するライブストリーミングサービスは、様々な特性の映像を対象に、多様な状況のネットワークを通じて、多種の異なった性能の受信端末を用いて、幅広く利用されている。既存のライブストリーミングサービスでは、主に利用可能なネットワーク資源の状況に基づいて受信端末へ配信する映像の品質を制御しているため、配信映像の品質が、利用している受信端末の計算機資源に適したものであるとは限らない。そこで本研究では、映像の特性、利用可能なネットワーク資源、計算機資源と、それらに応じて受信端末でサービス利用者へ配信される映像品質の関係を強化学習することで、ネットワークの状況だけでなく受信端末の性能にも適応した品質の映像を配信するための映像品質制御手法を提案する。本稿では、MPEG-DASHを対象とした映像品質制御手法の設計と実装を行い、実機を用いた実験から、提案手法を用いることで各資源の無駄な消費を抑えつつ高品質な映像を利用者へ配信可能であることを確認した。, 1
https://ipsj.ixsq.nii.ac.jp/ej/?action=pages_view_main&active_action=repository_view_main_item_detail&item_id=206178&item_no=1&page_id=13&block_id=8, 我々は屋内空間内に遍在する多数のスマートデバイスの位置を定点3点のみで高精度に推定する集約型自己組織化ノード位置推定方式（SOL：Self-Organaizing Localization）を提案している。集約型SOLでは各ノード間の相対距離を用いてノード位置を推定する。集約型SOLはノード間通信にBluetooth Low Energyを用いており、その位置推定精度誤差は2m程度である。本論文では、工場や建設現場などの動的環境における自律型サービスロボットの応用を想定し、集約型SOLにImpulse Radio UWB（IR-UWB）を適用することで、位置精度誤差数十cmオーダに高精度化する方式を提案する。さらに提案方式の実装評価実験によりその位置精度から本方式の有用性を示す。, 1
https://ipsj.ixsq.nii.ac.jp/ej/index.php?active_action=repository_view_main_item_detail&page_id=13&block_id=8&item_id=201354&item_no=1, 本論文では、パケットのヘッダから単位時間ごとに抽出した特徴ベクトルを学習することによりネットワークの異常を検出する手法を提案する。単位時間ごとに特徴を抽出することで特徴抽出の処理にかかるコストを削減し、トラフィック量の多い大規模ネットワークに適用可能な異常検出手法の実現を目指す。特徴ベクトルの学習には、Deep Learningの一手法であるLSTM（Long short-term memory）を用いる。実験では、MWSデータセット、CICIDS2017データセットおよび大阪府立大学のキャンパスネットワークのトラフィックデータに本手法を適用し、C&Cサーバとの通信、DDoS攻撃、Port scan攻撃などの異常を検出できることを確認した。, 1
https://ipsj.ixsq.nii.ac.jp/ej/?action=pages_view_main&active_action=repository_view_main_item_detail&item_id=204874&item_no=1&page_id=13&block_id=8, Webを介するサイバー攻撃に使用されるJavaScriptコードは、攻撃コードの意図の隠蔽や検知回避のために、難読化やクローキングなどの解析妨害が施されていることがある。このような解析妨害コードの解析が課題であり、迅速に解析できる手法やシステムが求められる。そこで、我々は解析妨害JavaScriptコード解析支援システムを提案する。提案システムは、JavaScriptコードによるブラウザAPI操作を網羅的に捕捉し、API操作ログを出力することにより、JavaScriptコードの挙動を把握できるようにする。API操作の捕捉にProxyオブジェクトを利用することで、既存手法では捕捉しきれないAPI操作を捕捉する。また、変数の参照を置き換えることにより、置き換え禁止のAPIに対するAPI操作を捕捉可能にする。本論文では、提案システムのコンセプトと、コンセプトを実現する解析手法の実現方式について述べる。また、提案システムの評価として、解析妨害JavaScriptコードの解析を行った結果を報告する。, 1
https://ipsj.ixsq.nii.ac.jp/ej/?action=pages_view_main&active_action=repository_view_main_item_detail&item_id=204875&item_no=1&page_id=13&block_id=8, 近年、デジタル端末が普及し、多くのオンラインサービスが提供されている。サービス提供者は、サービスを通じて利用者から多くのパーソナルデータを取得し、様々な目的に活用している。その際、サービス提供者はプライバシーの配慮のため、データの取扱いについて説明したプライバシーポリシーを利用者へ提示している。一般的にプライバシーポリシーは契約形式の文章で提示されることが多いが、この形式では利用者が適切に内容を理解したうえでサービス利用とデータ提供について判断ができているとはいえない状況である。一方でサービス提供者には、どのような表現・表示方法が適切なのかが分からないことにより困惑が生まれてしまっていたり、または逆にプライバシーポリシーを利用者の目に触れにくくしようとする意向が生まれてしまっていたりする。そのため、利用者のプライバシー保護のためにもサービス提供者のパーソナルデータ利活用ビジネスの推進のためにも、プライバシーポリシーの表現・表示に対して利用者がどのような反応をするかを明らかにする必要がある。そこで本研究では、複数のプライバシーポリシーの表現・表示方法に関して、オンラインサービス利用者に対するグループインタビュー・ウェブアンケートを行うことで評価をし、適切な表現・表示方法を模索した。, 1
https://ipsj.ixsq.nii.ac.jp/ej/?action=pages_view_main&active_action=repository_view_main_item_detail&item_id=204876&item_no=1&page_id=13&block_id=8, 複数の組織が持つデータを統合して利用することで、単一組織のみでは困難なサービスの実現が期待できる。このような組織間データ利用において、データのプライバシ保護は必要不可欠である。本稿では特に匿名加工をともなう2パーティ秘匿クロス集計を取り上げ、通信量の削減が期待できる完全準同型暗号を用いた方式を提案した。このとき、完全準同型暗号を用いることによる計算量の増加をハッシングや加法準同型暗号へのパッキングなどの工夫により抑制した。そして、先行研究の方式と提案方式との理論比較および実装比較を行った。理論比較では、計算量のオーダを変えずに通信量のオーダから支配的な変数を除去することができた。実装比較では、総実行時間についてLAN環境において86.1%、WAN環境において77.7%に削減することができた。, 1
https://ipsj.ixsq.nii.ac.jp/ej/?action=pages_view_main&active_action=repository_view_main_item_detail&item_id=204877&item_no=1&page_id=13&block_id=8, 本研究では、なるべく少ない棋譜から将棋プレイヤの棋力を推定する手法を提案する。先行研究の将棋AIを用いた棋力推定の手法では20局程度の対戦を必要としていた。これは、分析対象とする局面の条件に「序盤や終盤の除外」などの制約があるため、1局あたりの分析局面数が少なくなることが原因である。本研究では、平均損失に着目して、どのような局面が棋力推定に有効に働くのかを詳細に調べた。その結果、接戦の局面ほど棋力推定に適していることが判明した。そこで、相手に合わせて動的に強さを調整する接待将棋AIを用いて接戦の局面を多く作ることにより、少ない対局数から棋力推定をする手法を提案した。この手法により、4局程度の対戦でかなり正確に棋力推定ができることを確認した。, 1
https://ipsj.ixsq.nii.ac.jp/ej/?action=pages_view_main&active_action=repository_view_main_item_detail&item_id=204879&item_no=1&page_id=13&block_id=8, 公共の場で友人との会話が盛り上がった際に、周囲に迷惑をかけるほど声が大きくなってしまう状況や、プレゼンテーションの際に緊張し声が小さくなってしまう状況など意識的に声量制御ができない場合がある。この問題を解決するために、周囲の雑音が大きい騒音下では、人は不随意的に声が大きくなるというロンバード効果を応用し、2つの声量制御手法を提案する。ホワイトノイズをユーザに聞かせることによって発話時のユーザの声量を増幅させるホワイトノイズ手法、ユーザ自身が聞き取る自身の声量を増幅させることで、発話時のユーザの声量を減衰させる音声フィードバック手法を提案する。ホワイトノイズ手法および音声フィードバック手法それぞれにおいて声量変化の効果を検証しその有用性を確認した。, 1
https://ipsj.ixsq.nii.ac.jp/ej/?action=pages_view_main&active_action=repository_view_main_item_detail&item_id=204880&item_no=1&page_id=13&block_id=8, 挙手は身体的コミュニケーションの代表的な動作であり、教室において重要な役割を持つ。著者らは挙手促進技術開発に向け研究を進めてきたが、これまでは個人の挙手にしか着目してこなかった。本研究の目的は、集団コミュニケーションにおける挙手の印象への手の高さと人数の影響を、スクリーンとVRヘッドセットという2種類のCG教室環境の提示方法の元で明らかにすることである。教室と挙手する生徒たちのCGをスクリーンに投影する実験、VRヘッドセットで提示する実験を実施し、それぞれで挙手の印象評価を行った。その結果、各実験に共通して手が高くあがるほど授業や雰囲気をポジティブに評価し、手をあげる人数が多いほど挙手を促す効果があることが分かった。, 1
https://ipsj.ixsq.nii.ac.jp/ej/?action=pages_view_main&active_action=repository_view_main_item_detail&item_id=204603&item_no=1&page_id=13&block_id=8, スポーツ工学分野では、スポーツ人材の育成のための政策が国家的に推進されているが、各選手に質の高い指導を実施できる監督・コーチなどの指導者の不足が喫緊の課題となっている。一方、MEMS（Micro Electro Mechanical Systems）技術の発展により、慣性計測装置の小型化が進んでいる。そのため、その慣性センサを用いた科学的な分析結果に基づくコーチング方法を確立する必要性が高まっている。特に、日本の代表的なスポーツである野球を対象に、打者のスイングフォームを定量的に分析することを目的とした慣性センサの開発が進められている。このセンサより取得された計測データから打者の特性を分析することで、各選手の能力向上につながるスイングフォームの改善点を提示することが可能となる。しかし、大学などの高等教育機関だけでなく、小中高の教育現場において、その分析方法は確立されていない。具体的には、監督・コーチなどの指導者が、そのセンサデータをどのように利活用すればよいか、いい換えると、それを基にどのような指導を実施すべきかを判断することは難しい。そこで、本研究では、スイング計測装置から得られる1スイングだけの情報を基に、スイングフォームを多角的に分析することで、各選手に的確なアドバイスをするための新たな知見が得られるかを検証する。実験は、各個人のティーバッティングと試合でのスイングの計測値に乖離が少なく再現性が高いと考えられるプロ野球選手のスイングを対象とした。, 1
https://ipsj.ixsq.nii.ac.jp/ej/?action=pages_view_main&active_action=repository_view_main_item_detail&item_id=204606&item_no=1&page_id=13&block_id=8, 行列乗算は深層学習を含む機械学習の分野で広く使用されている。しかし、行列のサイズが大きくなるにつれて計算量は膨大になっていく。個人が持つ携帯端末やPCなどの限られた計算資源ではそのような大規模な計算を実行することは困難である。この問題を解決するために、個人がクラウドなどの高性能サーバに入力や計算結果を秘密にしたまま安全に計算を委託できる委託計算手法が研究されている。本稿では、秘密分散法に基づき1台のサーバのみを使用して安全で効率的な行列乗算の委託計算を実現できる手法を提案する。1台のサーバによる秘密分散法を用いた委託計算は、1つの秘密情報の複数の分散値に異なる乱数をかけることによって安全に実現される。提案手法は、少なくとも3台のサーバを必要とする秘密分散法に基づく手法の短所を解決し、さらに準同型暗号化に基づく手法よりも非常に少ない計算量で実行することを可能にする。提案手法は、受動的敵対者だけでなく能動的敵対者に対する安全性を持つ。さらに、提案手法は行列乗算に対する既存手法よりも計算量において効率的であることを示す。, 1
https://ipsj.ixsq.nii.ac.jp/ej/?action=pages_view_main&active_action=repository_view_main_item_detail&item_id=204609&item_no=1&page_id=13&block_id=8, IoTシステムのリスク評価は、セキュリティだけでなく、セーフティも含めて評価する必要があるといわれてきており、報告者らもセキュリティとセーフティを両方考慮したリスク評価手法を開発してきた。最近ではさらにリモートメンテナンスが取り入れられつつありメインテナビリティ（M）とセーフティ（S）、セキュリティ（S）を良いバランスで対象システム上に実現していくことが重要になってくる。著者らはこれをMSSコンセプトと名付け、このコンセプトを実現するためのリスク評価の方法と対策案の最適な組合せを求める方式の開発を行ってきた。今回、これを可能とする方式を初めて実現するとともに対応するプログラムを開発した。また、これを医療用の敷布型マルチバイタルIoTモニタシステムに適用した結果、リモートメンテナンスを導入する際に、情報漏洩対策を同時に実施しないと全体のリスクが増大することを明確にした。また、対策コストの種々の制約条件下で、「対策のメリット+ディメリットの減少値」を最大化する対策案の最適な組合せを具体的に求めることができ、それらの対策の組合せを用いると比較的安いコストでメリットの方が大きくなることを明らかにした。これにより、医療用IoTシステムに対しては、MSSコンセプトに基づく対策案の最適な組合せを求めることが可能である見通しを得た。, 1
https://ipsj.ixsq.nii.ac.jp/ej/?action=pages_view_main&active_action=repository_view_main_item_detail&item_id=204323&item_no=1&page_id=13&block_id=8, 本論文では、楽曲を特徴付ける要素である楽器編成に基づいて楽曲探索を行うことができるシステムINSTRUDIVEを提案する。 従来、自動認識した楽器編成を用いて楽曲を探索するための効果的な方法は明らかにされておらず、商用音楽配信サービスでも利用されていなかった。本研究では、大規模な楽曲群を扱う前の第1段階として、様々なジャンルの122曲で構成される小規模な研究用公開楽曲データセットを対象に、既存の自動楽器認識手法より高性能な手法を提案したうえで、実際に楽器編成に基づいて楽曲探索が可能な方法を示すことを目的とする。提案する楽器認識手法は、 畳み込みニューラルネットワーク（CNN）モデルに基づいている。 その畳み込み層は音色的な特徴を表現するために周波数軸方向のみに畳み込んだ後に、その時間変化を表現するために時間軸方向のみに畳み込む点が特徴的であり、画像処理で一般的な正方形カーネルを用いた畳み込みとは異なる。 最新手法を含む3種類の既存楽器認識手法との比較評価の結果、提案手法が最も高い認識性能を示した。次に、その認識結果を楽曲探索に役立たせることができる具体的な方法として、楽器編成に基づく新機能を有する楽曲探索インタフェースを提案する。そのインタフェースを実装し、24名の被験者に対して予備評価実験をした結果、実験者が監視していない状況でも、被験者は各楽曲の楽器編成を可視化した円グラフでその違いを把握しながら、楽曲探索が可能なことを確認した。, 1
https://ipsj.ixsq.nii.ac.jp/ej/?action=pages_view_main&active_action=repository_view_main_item_detail&item_id=204324&item_no=1&page_id=13&block_id=8, 本稿では、ピアノ演奏時の悪癖アノテーション機能を持つ、ピアノ教師向け悪癖発見支援システムの構築について述べる。 ピアノ演奏者にとって正しい指使いを身につけることは、高度な演奏技術を修得するうえで必須となる。 指使いは身体や運動に依存するため、個人の体格や弾き方に影響されやすい。そのため、演奏者が誤った指使いを身につけた場合、指使いは悪癖として定着しやすく、定着後に修正することが難しい。したがってピアノ教師は、生徒の指使いに関する悪癖を発見し、指導する。 しかし、生徒に悪癖があっても上手に演奏できている場合もあり、教師が一聴しただけでは悪癖の発見が難しい。一方、悪癖を視覚的に判断する手段も存在するが、演奏時の手指の動きは素早いため、教師は実時間で単方向から見ただけでは生徒の悪癖を見逃してしまう。 そこで、提案システムは生徒の演奏を3視点から撮影した映像それぞれをコマ送り再生できる機能、打鍵間隔や打鍵の強さを可視化する機能を持つ。これにより、教師は単に映像を見るよりも効率良く生徒の悪癖を発見できる。また、提案システムは深層学習を用いた悪癖アノテーション機能により、演奏中に悪癖がある箇所を推定し、教師の見逃しを防止できる。 一般的な動画再生機能を持つツールを使用した従来手法群と、提案システムを使用した提案手法群を比較した評価実験の結果、提案手法群が悪癖発見に役立つことが示唆された。, 1
https://ipsj.ixsq.nii.ac.jp/ej/?action=pages_view_main&active_action=repository_view_main_item_detail&item_id=204325&item_no=1&page_id=13&block_id=8, 歌唱音声を入力として歌詞を認識しようとしたとき、通常の朗読音声に対する音声認識精度と比較して大きく劣化する。その原因の1つは、歌詞中の各モーラがそれぞれ音符と対応付けられているため、一部の母音が長音化し、挿入誤りが増加してしまうことである。そこで本論文では、別途推定した音符の区切り情報を用い、認識仮説のモーラ区切り時刻に制約を加えることで歌詞認識の高精度化を目指す。27名が歌唱した童謡歌唱データを用いて認識実験を行ったところ、単語認識精度が85.7%から92.0%と大きく改善した。, 1
https://ipsj.ixsq.nii.ac.jp/ej/?action=pages_view_main&active_action=repository_view_main_item_detail&item_id=204329&item_no=1&page_id=13&block_id=8, ソフトウェア開発において、効率的なデバッグ作業の実現を目的とした自動プログラム修正に関する研究が数多く行われている。自動プログラム修正ではバグを含むソースコードとテストスイートを入力とし、自動的にバグ修正の施されたソースコードを出力する。本論文では、著者らが開発している自動プログラム修正のための研究用プラットフォームkGenProgについて紹介する。kGenProgはプログラム修正の過程に対して遺伝的アルゴリズムを採用しており、生物の進化や淘汰を模倣したプログラム修正を実現する。kGenProgは既存のプログラム修正システムと比較して、高処理効率性と高可搬性の2つの特徴を持つ。評価実験として、実際のバグを対象とした適用実験を行い、既存のプログラム修正ツールと比べて処理速度の向上を確認した。, 1
https://ipsj.ixsq.nii.ac.jp/ej/?action=pages_view_main&active_action=repository_view_main_item_detail&item_id=204333&item_no=1&page_id=13&block_id=8, Fault Localization（以降、FL）とは、バグの原因箇所を推定する手法である。既存手法として、テストケースによる実行経路を用いてFLを行う手法が提案されている。この手法では、失敗テストケースによって実行されるプログラム文はバグの原因箇所である可能性が高く、成功テストケースによって実行されるプログラム文はバグの原因箇所である可能性が低い、というアイデアに基づいて推定を行う。既存手法はテストケースを実行することによりFLを行うため、設定ファイル等の直接実行されない箇所にバグが存在していた場合には、正しくFLできないという課題がある。そこで本研究では、ソースコード以外の直接は実行されない箇所がバグの原因である場合でもより正しくFLできるように既存手法を拡張した。拡張した手法の有効性を確かめるため、Java言語のプロパティファイルを対象とした実装を行った。実験では、既存手法（Javaのソースコードのみを対象としたFL手法）と提案手法（Javaソースコードとプロパティファイルを対象としたFL手法）を比較した。実験の結果、バグの原因箇所がプロパティファイルにある場合には、提案手法は既存手法に比べてより正確にFLができていること、およびバグの原因箇所がソースコードにある場合には、提案手法は既存手法に比べてFLの精度がほとんど変わらないことを確認した。, 1
https://ipsj.ixsq.nii.ac.jp/ej/?action=pages_view_main&active_action=repository_view_main_item_detail&item_id=204336&item_no=1&page_id=13&block_id=8, ソフトウェアの変更に対する既存の不具合予測手法には、不具合を混入した可能性のあるコミットの予測の際に、教師データの利用有無にかかわらずプロジェクト固有の特徴を利用するものがある。これらの利用には対象プロジェクト自体のプロジェクトデータの分析が必要であり、変更が十分に実施された後でないと適用が難しい。プロジェクトに依存せず不具合混入に関連するメトリクスであれば、予測対象プロジェクトと異なるプロジェクトデータの学習により、対象プロジェクト自体のプロジェクトデータの分析の必要なく不具合予測を実施できる。我々はそのようなメトリクスとして、コーディングスタイルに対する規約違反に基づくメトリクスに着目した。本研究では、予備実験によりこのメトリクスの利用でプロジェクトによらず不具合混入を予測できることを明らかにしたうえで、このメトリクスを利用した不具合予測手法を提案する。提案手法は、OSSプロジェクトからこのメトリクスにより算出した値と不具合混入との関連を教師データとして利用し、教師あり学習で予測する。評価実験により、予測対象プロジェクトと異なるプロジェクトデータの学習によって、先行研究に近い性能で不具合予測を実施できることを確認した。, 1
https://ipsj.ixsq.nii.ac.jp/ej/?action=pages_view_main&active_action=repository_view_main_item_detail&item_id=204337&item_no=1&page_id=13&block_id=8, 長年の開発により大規模化したソフトウェアに対する、効果的なリファクタリングを支援するためのアンチパターン検出手法を提案する。提案手法は、リポジトリマイニングを用いたロジカルカップリング分析に基づき、変更の分散（Shotgun Surgery）、肥満児（The Blob）、重複したコード（Duplicated Code）の3種類のアンチパターンを検出する。提案手法の評価のため、C言語およびC++言語で記述された、大規模なオープンソースソフトウェア（OSS）および組込みシステム製品のソフトウェアを用いた適用実験を行った。組込システム製品の開発者ヒアリングにより、開発者の問題意識に適合したアンチパターンを検出できることを確認した。, 1
https://ipsj.ixsq.nii.ac.jp/ej/?action=pages_view_main&active_action=repository_view_main_item_detail&item_id=204339&item_no=1&page_id=13&block_id=8, ソフトウェアドキュメンテーションとは、ソフトウェアに付随する文書（ソフトウェア文書）を作成することであり、各ステークホルダーが各々にとって関心のある情報を文書化することである。ソフトウェア文書に記載されていない、もしくは最新化されていない情報は、クラウド文書で議論されていることが多く、広く利用されている。クラウド文書で頻出する問合せ（FAQs）は、ソフトウェア文書へ反映することによってクラウド文書への問合せを減らせ、作業の効率化を期待できる。しかし、ソフトウェア文書への反映には事前にFAQsの読解が必要であり、作業リソースが限られるなか、すべての文書を読解することは不可能である。本稿では、膨大なFAQの読解を効率的かつ効果的に実施するために、優先的に読むべき問合せをランキングするクラスタ内文書ランキング手法を検討・評価した。具体的には、文書クラスタごとに単語を重み付けする手法、ICDFを開発し、これをクラスタ内文書ランキングに適用することでA-NDCG 0.703を達成した。, 1
https://ipsj.ixsq.nii.ac.jp/ej/?action=pages_view_main&active_action=repository_view_main_item_detail&item_id=204341&item_no=1&page_id=13&block_id=8, 階層状態遷移図を用いた振舞い設計では、いかに適切に状態の階層化を行うかが課題である。適切な階層化が行えない場合は階層的な状態遷移図が複雑になり、可読性や生産性を低下させるという問題が生じるためである。本論文では、この問題を解決するために、階層状態遷移図の記述品質を評価する手法を提案する。この手法は、階層状態遷移図における状態と状態遷移の2つの視点から、階層性を評価する複雑度を定義している。単一の階層状態遷移図に対して、その記述品質を評価できるようにするため、視点別に規模測定量を定義し、それらを用いて当該複雑度を正規化した測定量を定義している。3つの分野と規模の異なる問題に対する記述実験により提案手法の評価を行い、問題による測定値の偏りが小さいこと、設計の良否を判定する基準値を設定できる可能性があることを示した。, 1
https://ipsj.ixsq.nii.ac.jp/ej/?action=pages_view_main&active_action=repository_view_main_item_detail&item_id=204342&item_no=1&page_id=13&block_id=8, 屋内での高精度な位置情報は、工場での無人搬送車の制御や商業施設での人のナビゲーションなど、様々なアプリケーションにとって不可欠である。本研究では、回転する磁石を磁気マーカとして用いて、3軸磁気センサで観測される磁束密度の回転周波数に関するフーリエ成分から、磁気マーカの方位角、天頂角、距離を直接推定する手法を提案する。本手法では、磁気マーカの回転に関する位相を知ることなく定位可能で、センサとマーカとの通信は不要である。また、観測される信号の最大値を検知する必要がないため、ノイズに対しても頑健という特徴がある。磁石を回転させた磁気マーカの3次元位置を磁気インピーダンスセンサを用いて推定したところ、z = 150mmのxy平面（4,000mm × 2,500mm）において、絶対誤差の平均は91.7mmであった。また、磁気マーカとセンサの間に金属の遮蔽物があったとしても同程度の精度で定位可能であった。, 1
https://ipsj.ixsq.nii.ac.jp/ej/?action=pages_view_main&active_action=repository_view_main_item_detail&item_id=204345&item_no=1&page_id=13&block_id=8, 近年、完全情報ゲームであるチェス、オセロ、将棋といったゲームでは人間のトッププレイヤと同等の実力を持つ人工知能（AI）が実現されている。一方、不完全情報ゲームにおいては、ポーカーでは人間のトッププレイヤと同等の実力を持つAIが実現されているが、麻雀では実現されていない。なぜなら、本研究が対象とする「麻雀」は完全情報ゲームであるチェスや将棋と異なり、対戦相手の所持している手が見えないため、相手の状態や状況の予測が難しいうえ、同じ不完全情報ゲームであるポーカーより考えられる戦局が多岐にわたるゲームだからである。そのようななか、近年トッププレイヤに近い強さを持つといわれる水上ら(2013, 2014)による麻雀AIが発表されている。しかしこのAIは役を考慮した鳴きができないという問題点がある。一方、原田らは「Complete Hand Extraction（CHE）」で構築できる可能性の高い役を考慮した着手を実現した。そこで本研究では、役構築を考慮可能な原田らの手法「CHE」を用いて、役構築を考慮した鳴きが可能な麻雀AIを構築し、CHEと対戦させることによりその有効性を確認した。, 1
https://ipsj.ixsq.nii.ac.jp/ej/?action=pages_view_main&active_action=repository_view_main_item_detail&item_id=204346&item_no=1&page_id=13&block_id=8, 機器の保守作業のための3DCGを用いた技術学習コンテンツを、専用ソフトウェアの知識がなくてもGUI上で編集できる支援ツールを提案する。本編集支援ツールでは、3DCGオブジェクトを用いた操作指示文章自動生成、3DCGオブジェクトの位置調整、回転アニメーションの自動生成方式を導入し、3DCGの高度な技術を持たないシステムエンジニアでも短期間でコンテンツ編集を可能としている。本編集支援ツールを用いた3種類の保守対象機器向けにコンテンツ編集を通じて、3方式適用前と比較して30%以上の編集工数の削減が可能であることを示した。, 1
https://ipsj.ixsq.nii.ac.jp/ej/?action=pages_view_main&active_action=repository_view_main_item_detail&item_id=204348&item_no=1&page_id=13&block_id=8, インターネットやデジタルデバイスの普及にともない、死後残されるものは形あるものに限らずデータを含むようになった。故人が残すものには私的な追悼や史料としての価値もあるが、死後の個人情報や故人のプライバシに関する制度は未整備である。本論文では日常的にインターネットを利用している大学生を対象としてアンケート調査を実施した。その結果、故人のデータについて史料としての有用性は認めつつも、プライバシへの懸念があること、また死後のデータの扱いについては、自分のデータであれば削除や遺族に任せる傾向があるが、家族や友人のデータは残したい、あるいは判断できないといった対照的な傾向が見えた。死後のデータの扱いについて、故人当人の意思表示やと遺族が何を根拠して判断すべきかなど、プライバシと同時に遺族の追悼感情や後年の歴史的な価値を考慮したうえでのルール作りの必要性が見えてきた。, 1
https://ipsj.ixsq.nii.ac.jp/ej/?action=pages_view_main&active_action=repository_view_main_item_detail&item_id=204258&item_no=1&page_id=13&block_id=8, システム開発の最終段階に実施されるシステムテストケースの設計では、自然言語で書かれた仕様書からテストに必要な入力項目や確認項目を抽出し、抽出した入力項目・確認項目のパラメータを具体化してテストケースが作成される。一方、自然言語で書かれる仕様書は論理関係に曖昧さを含むため、左記の仕様書をもとに作成されるテストケースは、テスト設計者の論理関係の解釈誤りによって不適当になることがあるという課題がある。本研究では、日本語の仕様書から命題論理の記号を用いることで論理関係の曖昧さを排した、セミ形式記述と呼ぶ表現へ変換するアルゴリズムを開発した。セミ形式記述の仕様を対象に入力・確認項目間の論理関係をレビューすることで正しい論理関係へ修正する。論理関係を修正したセミ形式記述は、本研究で開発したテストケース生成アルゴリズムにより、自動的にデシジョンテーブル形式のテストケースへと変換される。本研究で開発したアルゴリズムを電気ポットの仕様文に適用した。提案アルゴリズムにより日本語の仕様文の曖昧さを排除したセミ形式記述へと変換されること、セミ形式記述から自動的にデシジョンテーブルが生成されることを確認した。, 1
https://ipsj.ixsq.nii.ac.jp/ej/?action=pages_view_main&active_action=repository_view_main_item_detail&item_id=204259&item_no=1&page_id=13&block_id=8, 近年のインターネット社会では、SNS（Social Networking Service）の利用による薬物売買や児童ポルノ、自殺幇助といった様々なサイバー犯罪が問題視されている。特に薬物売買は、インターネットの匿名性を利用した売買手法について潜在化や巧妙化が進行しており、平成29年では薬物利用による検挙人員の約半数は青少年であった。そのため、厚生労働省では、警察庁と連携し、有害情報をフィルタリングするシステムの導入を促進しているが、検挙人員の低下にはつながっていない。さらに公開型のSNSを中心に、薬物売買を示唆するアカウントが頻繁に作成されているため、個別に対応するだけでは根本的な解決につなげることは難しいという課題がある。そこで、本研究では、特に重要度が高いとされるマイクロブログを対象に、機械学習を用いて薬物売買を行うユーザの自動抽出を試みる。さらに、ユーザ間の関係から、薬物売買に興味があるコミュニティを包括的に把握可能なシステムを開発する。実証実験の結果、薬物売買に関連するユーザを高精度に抽出し、ユーザの有害判定やネットワークの可視化を実現できることを証明した。, 1
https://ipsj.ixsq.nii.ac.jp/ej/?action=pages_view_main&active_action=repository_view_main_item_detail&item_id=204260&item_no=1&page_id=13&block_id=8, 地球温暖化の影響で、湖沼などの環境悪化をもたらすアオコの増殖が問題となっている。アオコ除去装置はこれまでいくつか開発されてきているが、これらの装置は、使用に手間がかかる点、作業者に危険がともなう点、作業範囲が限られる点が問題となっていた。本研究では、ドローンと自走型アオコ除去ロボット、クラウドサーバを連携させることで、アオコの発生場所を自動で検知し、自律的にアオコを除去する自律型アオコ除去システムを提案する。本システムの特徴は、タブレットPCを用いてドローンと自走型アオコ除去ロボット、クラウドサーバを連携させることで、アオコの発生場所を自動で検知し、自律的にアオコを除去できる点である。本システムではアオコの発生場所を自動で検知する必要があるため、アオコの有無を判定するアオコ判定システムの精度評価を行うことは、本システムを評価するうえで重要である。本論文では、アオコ判定システムにおけるアオコ判定方法を提案し、その評価結果を示す。, 1
https://ipsj.ixsq.nii.ac.jp/ej/?action=pages_view_main&active_action=repository_view_main_item_detail&item_id=204261&item_no=1&page_id=13&block_id=8, フィッシングによる攻撃は過去最大規模に拡大している。フィッシング対策の1つに、ユーザによるフィッシングサイトへのアクセスをブラックリストを用いてフィルタリングする方式がある。セキュリティベンダに代表される解析者が疑わしいウェブサイトにアクセスしてフィッシングサイトであると判定することでブラックリストに追加される。しかしながら、フィッシングサイトにはサーバサイドで実装されるアクセス妨害機能が存在し、アクセス時の条件によりアクセスできない場合がある。フィッシングサイトを確実にブラックリストに追加するために、アクセス妨害機能の実態を把握することは重要であるが、インターネット上に実在するフィッシングサイトでこの機能がどの程度動作しているかは明らかではない。本研究では、フィッシングサイトのアクセス妨害機能の解析手法の提案と、アクセス妨害機能に関する大規模な調査を実施した。フィッシングキットと呼ばれるフィッシングサイト構築ツールに対してHTTPリクエストを送信することでアクセス妨害機能を動作させるための条件を解析し、フィッシングサイトのアクセス妨害機能の有無を調査した。調査の結果、インターネット上に実在する4,901件のフィッシングサイトのうち、HTTPリクエストで設定可能なUser-AgentとRefererによるアクセス妨害機能を有するものが10.4%あることが判明した。, 1
https://ipsj.ixsq.nii.ac.jp/ej/?action=pages_view_main&active_action=repository_view_main_item_detail&item_id=204262&item_no=1&page_id=13&block_id=8, 近年、ホームネットワーク内のIoT機器を狙ったサイバー攻撃の脅威が顕在化している。本研究では、一般消費者の家庭のネットワーク環境を模擬したテストベッドを構築し、サイバー攻撃の観測および当該攻撃がホームネットワークに及ぼす影響の分析を行う。多くの家庭で一般的に使用されていることが見込まれるIoT機器複数台とWi-Fiルータを用意し、インターネットに接続されたネットワークを構成する。当該ネットワークの通信トラフィックを観測可能な機器を付設したうえで、疑似的に攻撃を発生させる。すでに存在が確認されている攻撃手法にくわえ、今後出現しうる攻撃手法も想定し、それらの攻撃がホームネットワークに与える影響を調査する。また、すでに流通しているホームネットワーク向けのセキュリティ製品がそれらの攻撃を検知できるか検証する。調査の結果、想定した攻撃手法の多くが実際にホームネットワークに影響を与えうることが分かった。また、検証対象としたセキュリティ製品が、本研究で想定した攻撃の大半を検知できず、検知可能な対象がポートスキャン等の一部の攻撃に限られることが分かった。, 1
https://ipsj.ixsq.nii.ac.jp/ej/?action=pages_view_main&active_action=repository_view_main_item_detail&item_id=204263&item_no=1&page_id=13&block_id=8, ネットワークやコンピュータの正常な利用を妨げるDenial of Service（DoS）攻撃の発生件数、規模が年々増加している。DoS攻撃の一手法であるSlow HTTP DoS攻撃は比較的少ないトラフィックで実行可能であり、トラフィック量の監視といった単純な方法では検出が困難である。そこで、タイムアウトの設定、クライアントごとの同時リクエスト数制限、機械学習による検出といった対策手法が提案されているが、正当ユーザへの悪影響や、多数の攻撃元を用いる分散型DoS攻撃への耐性などの問題を残している。本稿では、Slow HTTP DoS攻撃に対し、クライアントごとのTCPコネクションの数と継続時間に基づき、攻撃コネクションを選択的に切断することによる防御手法を提案した。50の攻撃者を模擬したシミュレーション実験の結果、正当ユーザのトラフィックに基づき適切なパラメータを設定すれば、正当ユーザが誤って切断される確率は1%未満と、許容できる程度であることが分かった。, 1
https://ipsj.ixsq.nii.ac.jp/ej/?action=pages_view_main&active_action=repository_view_main_item_detail&item_id=204266&item_no=1&page_id=13&block_id=8, 通信技術の発展にともない、Q&Aウェブサイトは大規模な知識共有の重要な手段の1つになっている。しかし、Q&Aウェブサイトにおける回答者と質問者の間には、1)相手のことが分からない、2)質問者の態度やいい方が好きではない、という2点に起因する知識共有バリアが存在する。そこで本論文では、これらのバリアを低減するために、Q&Aシステムにおいて質問者と回答者を仲介する、各ユーザにとって好ましいバーチャルエージェントがデザインできるツールを提案する。このツールでは、エージェントの外見と性格に関するパラメータをユーザが調整するだけで自分にとって好ましく感じるエージェントが自動生成される。評価実験の結果より、このツールを用いることで、実験参加者の大多数が自分にとって好ましいバーチャルエージェントを作成できることが確認できた。また、作成されたエージェントをQ&Aシステムに導入した場合、回答意欲が高まることが分かった。, 1
https://ipsj.ixsq.nii.ac.jp/ej/?action=pages_view_main&active_action=repository_view_main_item_detail&item_id=204268&item_no=1&page_id=13&block_id=8, スマートフォンの普及により、多くの人々が容易に写真を撮影できるようになった。それにともない盗撮等の違法撮影行為や、それらをインターネット上にアップロードすることによる著作権侵害等の増加が深刻な社会問題となっている。本稿では、OFDM変調されたLED照明光で環境を照らし、その周波数スペクトル分布により撮影画像の違法性を判定する手法を提案する。分類器を用いた評価実験の結果、JPEG圧縮画像を含む5184枚の画像に対して違法画像受け入れ率1.92%、合法画像拒否率0.50%で判定できることを確認した。, 1
https://ipsj.ixsq.nii.ac.jp/ej/?action=pages_view_main&active_action=repository_view_main_item_detail&item_id=204270&item_no=1&page_id=13&block_id=8, CIツールなどを用いた自動テストに基づき、プログラムの正しさに焦点を置いた教育はしばしば行われている。しかし、自動テストはプログラムの振舞いを確認するだけにとどまるため、プログラムの品質に焦点を置いた教育を行うことは難しい。プログラムの品質を客観的に計測するツールは数多く開発されているものの、これらのツールは問題箇所を指摘するものであり品質の良さを褒めるものではないため、プログラミングに対する苦手意識を学生に植え付ける可能性がある。また、品質計測ツールはメトリクス計測結果を実測値のまま提示する。その結果には品質の高さに基準が定められていないため、学生は自身の作成したプログラムの品質がどれほどの水準を達成しているのか判断できない。結果として、学生がこれらのツールを使いこなすことは難しく、プログラムの品質向上にはつながっていないのが現状である。そこで本研究では、家庭用ゲームで用いられている「実績」と呼ばれるコンセプトを取り入れ、プログラムの品質を可視化する教育手法を提案する。適用実験として、学部3年生を対象とした授業にこの手法を取り入れ、受講生の作成するプログラムの品質向上、品質に対する受講生の意識改善、およびプログラミングに対するモチベーション向上に効果があることを確認した。, 1
https://ipsj.ixsq.nii.ac.jp/ej/?action=pages_view_main&active_action=repository_view_main_item_detail&item_id=204271&item_no=1&page_id=13&block_id=8, 集団対戦型フィールドスポーツでは、競技を優位に進めるために、基本戦術への理解が重要である。そのためには、基本戦術がどのような状況で使用されるか、どのように動くかを理解する必要がある。本研究では、バスケットボールに着目し、戦術の適用シーンを自動抽出して、バスケットボール初学者に対して分かりやすく見せることによって、戦術が適用される場面での判断の基準を形成できるようなシステムを構築し、支援を行う。, 1
https://ipsj.ixsq.nii.ac.jp/ej/?action=pages_view_main&active_action=repository_view_main_item_detail&item_id=204277&item_no=1&page_id=13&block_id=8, 世界的な海産物需要増加にともない、養殖業が世界的に注目されている。養殖業では養殖場内の適切な環境管理が重要であり、特に海水温の影響は大きいため、安定して供給を行うためには海水温を高精度に予測する必要がある。本論文では、予測モデルにニューラルネットワークを取り入れ、複数の予測期間に対応可能なアルゴリズムの提案とその実装について述べる。評価実験として1年分の海水温予測を実施した結果、翌日の1時間ごとの海水温は平均誤差約0.2～0.4℃、1週間先までの日平均海水温は平均誤差約0.2～0.5℃ であり、従来手法と比較して最大約1℃ 誤差が減少した。これは従事者のニーズである誤差1℃ 以内を十分満たしており、水温被害の対策など幅広く活用可能である。, 1
https://ipsj.ixsq.nii.ac.jp/ej/?action=pages_view_main&active_action=repository_view_main_item_detail&item_id=204283&item_no=1&page_id=13&block_id=8, 音楽データを自動的に解析してその演奏楽器を分類できれば、それらの音楽データを自動的に分類して検索するサービスを開発することが可能となる。そこで、本論文では、畳み込みニューラルネットワークを用いて演奏音データに含まれる演奏楽器を分類する手法を提案する。近年、畳み込みニューラルネットワークを用いた演奏楽器の分類手法が研究されてきたが、従来手法には過学習を回避することが難しいという問題があった。そこで、本論文の提案手法では、複数の計算経路を持つことで高い汎化性能を発揮する畳み込みニューラルネットワークResNetを用いて演奏楽器の分類を行う。また、汎化性能改善手法であるSignal Augmentationを導入することにより、畳み込みニューラルネットワークの分類性能の向上を目指す。本論文では、演奏楽器分類タスクのためのデータセットであるIRMASを用いた実験を行い、実験結果より提案手法が従来手法よりも高い精度で演奏楽器を分類できることを示す。提案手法は楽器分類タスクにおいて高い分類性能（F値：0.708）を達成しており、これは現時点（2018年12月）における世界最高性能（state-of-the-art）である。, 1
https://ipsj.ixsq.nii.ac.jp/ej/?action=pages_view_main&active_action=repository_view_main_item_detail&item_id=204284&item_no=1&page_id=13&block_id=8, セキュリティ警告はセキュリティ脅威への遭遇可能性をICT利用者に伝え、それを回避可能にするための仕組みである。しかし、利用者の多くはセキュリティ警告を有効活用していないという現状がある。そこで本研究では、セキュリティ警告の効果改善を目的とし、「かわいい」と感じる視覚的刺激による行動誘引効果をセキュリティ警告に応用することを提案する。このアイデアに基づき、セキュリティ警告内に「かわいい効果」をもたらしうる画像を導入したプロトタイプ警告を実装し、それを用いて実験参加者による評価実験を行った。その結果、かわいい効果を導入した警告は既存の“そうではない”警告と比較してセキュリティ警告内の警告文を理解するよう利用者を誘引できる、という結果を得た。, 1
https://ipsj.ixsq.nii.ac.jp/ej/?action=pages_view_main&active_action=repository_view_main_item_detail&item_id=204285&item_no=1&page_id=13&block_id=8, 本論文では任意の画像から、画像内に存在する物体の図形の構造を考慮した絵描き歌を自動生成するシステムについて述べる。相手に物事を説明するシーンにおいて、口頭のみでの説明と比べ、それに絵を加えた説明のほうが聞き手に強い印象を与えることができる。しかし絵を描くことに対して苦手意識を持つ人は、絵を描いて説明するということに対し羞恥心を感じ、口頭のみでの説明を行わざるを得なくなる。そこで我々は絵を描くことに対して苦手意識を持つ人が気軽に絵を練習できる方法として絵描き歌を提案する。任意の絵に対して、いちいち絵描き歌を人が作成するのは非常に手間がかかるため、我々は任意の画像から自動で絵描き歌を生成するシステムを開発した。さらに物体の構造に着目することでより人間に理解しやすい絵描き歌手法を提案する。従来の絵描き歌の歌詞は物体を構成するパーツの形状をとらえて作成されており形状に対するユーザの理解を促進するが、絵を描くのに必要な『位置関係』については触れられていないため、本手法では従来の歌詞に加えてパーツの位置関係も明示することにより、さらに詳しく物体の特徴をとらえることを可能にした。ユーザは絵描き歌にしたい対象を撮影し、システムに入力する。システムはユーザが撮影した画像を受け取り、パーツ分けをする。その後パーツごとの構造（形状・位置関係）を取得し、それに合わせた歌詞を自動生成する。本システムについて評価を行った結果、本システムを利用することにより絵を描くことに対する苦手意識の低減につながることが確認できた。, 1
https://ipsj.ixsq.nii.ac.jp/ej/?action=pages_view_main&active_action=repository_view_main_item_detail&item_id=203141&item_no=1&page_id=13&block_id=8, 視線入力インタフェースにおいて小さなターゲットを選択することは非常に困難であり、容易にするためにはインタフェースデザインの変更か動作時間の増加を強いられる。本稿では、動作時間やデザインの汎用性を維持した状態で小さなターゲットを選択することを容易にすることを目的として、エリアカーソルの一種であるバブルカーソルを視線操作時のカーソルとして用いる手法を提案する。バブルカーソルが視線入力インタフェースにおいてどのような挙動をするのか確認するため、マウスのバブルカーソルと視線のポイントカーソル、そして視線のバブルカーソルに対してポインティングタスクを行った。その結果、視線カーソルをバブルカーソルに変更したものはポイントカーソルよりもつねに高速に動作したうえ、ユーザビリティ評価指標もポイントカーソルよりも有意に高かった。したがって視線カーソルにバブルカーソルを用いる提案手法はポインティングを容易に、かつ高速にするうえで有効な手法だといえる。, 1
https://ipsj.ixsq.nii.ac.jp/ej/?action=pages_view_main&active_action=repository_view_main_item_detail&item_id=203142&item_no=1&page_id=13&block_id=8, スマートフォン等の小型携帯端末における片手でのズームアウト操作について、圧力感知マルチタッチ技術を使用する2つの手法（Bounce BackとForce Zoom）を提案する。Bounce Backは、ユーザが指で画面を押し続けている間の画面に与える圧力を計測し、ユーザが指を離すとその圧力に応じて飛び跳ねるようにズームアウトする。Force Zoomもまた同様に圧力を計測し、ユーザが画面を押すと表示物が押し遠ざけられるように連続的にズームアウトする。本研究では、提案する2つの手法と先行研究で提案されている類似手法および小型携帯端末版Googleマップで用いられているズーミング手法の4手法の比較実験を行った。その結果、Bounce BackとForce Zoomは作業実行時間が先行研究の手法より有意に短く、操作回数が先行研究の手法と小型携帯端末版Googleマップの手法より有意に少ないことが確認された。, 1
https://ipsj.ixsq.nii.ac.jp/ej/?action=pages_view_main&active_action=repository_view_main_item_detail&item_id=203145&item_no=1&page_id=13&block_id=8, 車椅子利用者等の身体が不自由な人を電子的にナビゲートするには、「歩行空間ネットワークデータ」の整備が必要である。歩行空間ネットワークデータとは、歩道や横断歩道をノードとリンクでネットワークとして表現し、各々のリンクに幅員や傾斜等の様々なバリアに関する情報を属性として持たせたものである。しかし、このようなデータは今のところ十分整備されておらず、網羅的な整備には通常の工程をふむと莫大な費用がかかる。そこで本研究では、既存の地理データを活用し、上記データの要となる、歩道と横断歩道のネットワークデータを効率的に自動作成する方法を提案する。加えて、車椅子利用者が通れるかの判断に有用な歩道の幅員も同時に抽出する。提案手法は大まかに3つの工程からなる。(1)歩道情報の抽出に関しては、専門家が高精細航空写真をトレースする等して作成した電子地図に一般的に歩道の領域が描かれているため、このデータから歩道中心線と幅員を求める。(2)横断歩道に関しては、それらの位置と向きを航空写真から抽出する。(3)最後に、抽出した歩道および横断歩道の情報を適切に接続して歩行者道路ネットワークデータを構築する。提案手法を用いて、JR山手線をカバーする幅員情報付き歩行者道路ネットワークデータを作成し、評価した結果も報告する。, 1
https://ipsj.ixsq.nii.ac.jp/ej/?action=pages_view_main&active_action=repository_view_main_item_detail&item_id=203147&item_no=1&page_id=13&block_id=8, 銀行のオンラインシステムに代表される業務システムでは、オンライン処理とバッチ処理が別計算機で実行される。しかし、計算機の処理能力向上とともに、計算機資源を十分に利用しない時間帯が生じ、分割損が生じている。両処理の計算機資源の利用量は時間帯で異なるため、両処理を同じ計算機で実行するシステム構成とすることで、分割損を軽減し、計算機資源の利用効率の向上が期待できる。しかし、このシステム構成においては、2つの処理の負荷を分散させ、バッチ処理の負荷がオンライン処理の応答時間に悪影響を与えないようにすることが強く求められる。しかし、負荷分散は、プロセス優先度を用いたプロセッサ割当て制御だけでは不十分であり、ディスクに対するI/O要求の負荷分散が必要である。本論文では、オンライン処理とバッチ処理のファイルI/Oの特徴として入出力データ長に着目し、ディスクに対するI/O要求の短期の負荷分散を行うディスクI/O制御方式を提案し、FreeBSDに実装し評価した結果を述べる。, 1
https://ipsj.ixsq.nii.ac.jp/ej/?action=pages_view_main&active_action=repository_view_main_item_detail&item_id=203154&item_no=1&page_id=13&block_id=8, スマートフォンに搭載されたセンサを利用し、ユーザの状態を推定する研究が多数報告されているが、実用性の観点では各種センサを常時稼働させることによる消費電力が課題となる。そこで本研究では、各種センサの稼働を抑制することによりセンシングにおける省電力化を実現するとともに、深層学習のモデルであるStacked Denoising AutoEncoder（SDA）を用いて、サンプリングされたセンサログから元のセンサログを復元する手法を提案する。まず、スマートフォンに搭載された加速度センサとジャイロセンサを用いて、21名の試験参加者から計603日分のログを収集した。次に、収集したログを任意の時間幅でサンプリングすることによって意図的に間欠データを作成し、SDAを用いて間欠部の復元を行うモデルを構築した。その結果、提案手法はベースライン手法と比較して、復元精度が38.89%以上改善可能であることが示された。, 1
https://ipsj.ixsq.nii.ac.jp/ej/?action=pages_view_main&active_action=repository_view_main_item_detail&item_id=203157&item_no=1&page_id=13&block_id=8, 農業従事者の高齢化にともない、農業IoTの導入による農業の効率化が求められている。センサを農場に設置して常時観測し、客観的な指標に基づいて栽培における各種判断をすることが期待されている。従来の経験に基づいた栽培を脱し、客観的指標に基づいた農業のマニュアル化・大規模化が可能になる。しかし、センサを用いて大量のデータを取得し、植物の特性を把握したうえで適切な栽培判断の指標を確立するためには、多くの変数をともなうデータ分析が必要となる。本研究では、経済的価値の高い実用花卉であるトルコギキョウを対象として、栽培時に起こるロゼット化およびブラスチングと呼ばれる個体損失要因を分析する。土壌センサを用い、組合せ的に設計された試験からデータを取得し、階層ベイズモデルを用いた個体損失の予測モデルを構築することで、個体損失が発生する条件を解明することを目指す。トルコギキョウにおける既存の知見に基づいて個体損失モデルを設計し、センサの測定値と組合せ的な試験区設計に基づいて取得したデータを適用した。その結果、ロゼット化およびブラスチングに対する各要因の影響の度合いを数値化し、それらの結果が既存の知見と合致することを確認しただけでなく、個体損失に関する新規の知見を得られる可能性を見出した。, 1
https://ipsj.ixsq.nii.ac.jp/ej/?action=pages_view_main&active_action=repository_view_main_item_detail&item_id=203172&item_no=1&page_id=13&block_id=8, 本論文は、家人による解錠操作と、ピッキングによる解錠操作を区別することを目的とするものである。住宅のセキュリティを考える際、出入り口以外は一般的に人が出入りしないため、簡易なセンサによって不正な侵入を検知することが可能であるが、出入り口は家人も出入りするため、単純なセンサによる検知はできない。監視カメラの設置は一般的であるが、侵入があったことを後日知ることはできても、侵入時にその侵入を検知するには有人監視を常時行うしかない。そこで、本論文では、Kinectを用いて不正な侵入を自動的に検知するシステムの提案を行う。Kinectを用いた動作識別の研究はすでに行われており、不正な侵入のなかでも、通常の出入りとは異なる、ドアを破壊するような行為の検知は既存技術でも対応可能である。そこで、本論文では家人による解錠操作と、ピッキングによる不正な解錠操作を区別する点に重点を置いた。本研究では機械学習を用いている。大量にデータを集めて学習しさえすれば、従来の単純な機械学習でも家人による解錠操作とピッキングを区別できる可能性はあるが、訓練にかかる時間や計算機のメモリが問題となる。そこで、本研究では、少人数の被験者のデータで効果的に訓練できる方法を模索した。具体的には、体格差の統一や行動周期の統一、擬似的サンプル数の増加である。Kinectを使用することにより、撮影された画像を保存する必要がないため、被撮影者のプライバシも保護される。実験の結果、線形補間により生成したサンプルを追加した場合のCNNを用いたピッキングの区別はF値の平均57%であったが、被験者によっては94%の精度で区別ができ、類似の特徴を持つ他人がいる場合に精度が大きく上昇する可能性があることが分かった。, 1
https://ipsj.ixsq.nii.ac.jp/ej/?action=pages_view_main&active_action=repository_view_main_item_detail&item_id=202718&item_no=1&page_id=13&block_id=8, 活き活きとしたスマートシティを実現するためには、MaaS、イベント、施設などの運営者が多数の人の流れ（以下、人流）を把握することで、より最適な移動手段選択、混雑緩和、事故防止につなげることが重要である。本論文はこうした運営者が人流を把握することを目的とし利用者などの端末を測位する方法を提案、評価し有効性を示す。まず、従来測位方式および技術的課題を述べる。広く普及している人工衛星による測位方式は屋内測位が困難である。また、屋内測位できる方式であっても、端末が自身の測位をして結果をサーバなどに通知する必要があり、アプリケーションのインストールを要する。そこで、これらの課題を解決する新方式を提案する。提案方式は、通常の無線LAN端末が対象、端末にアプリケーション不要、端末が分散アンテナを用いたアクセスポイントに帰属するとアクセスポイントが端末を測位可能、歩行者動線取得可能という特徴を持つ。提案方式の1次元測位実験の結果、通常の無線LAN端末で、アプリケーション不要、歩行者動線取得、高精度測位（精度1m～5m）を実現した。最後に、フィールド実証としてこの提案システムを来場者が多数集まる展示会で動作させ、実フィールドでの有効性を明らかにした。展示会では来場者で混雑しても、提案方式のうちRTT（Round Trip Time）測位には大きな影響がなく、来場者から高い評価を得た。, 1
https://ipsj.ixsq.nii.ac.jp/ej/?action=pages_view_main&active_action=repository_view_main_item_detail&item_id=202719&item_no=1&page_id=13&block_id=8, 本研究では高度運転支援アプリケーションへの適用を目的とし、LiDARより安価な単眼カメラと地図情報を用いて、誤差0.3m相当の高精度位置推定技術の実現を目指す。車載カメラ画像と地図による位置推定は、カメラ画像中の特徴と事前に生成した地図情報に含まれる特徴との照合を行うことで地図上の自車位置を推定する技術であるが、周囲に特徴物が少ない場合など、照合できる特徴の数が減少した場合に位置精度劣化の恐れがある。そこで本研究では、車載カメラ画像の時系列データを利用することで照合の手がかりを増加させる手法を提案し、環境変化に対する位置精度の頑健性を向上させた。実験では実走行データを用いて、照合できる特徴の数と位置精度との関係を検証した結果、提案手法では照合できる特徴数の減少にともなう位置精度劣化の度合いが大幅に改善される傾向が見られた。実環境に則した精度劣化シーン（構造物少、照明変化）では、位置誤差0.3m以下を満たす場所の割合は従来手法でそれぞれ70%台であったのに対し、提案手法では100%近くまで改善可能であることを確認した。, 1
https://ipsj.ixsq.nii.ac.jp/ej/?action=pages_view_main&active_action=repository_view_main_item_detail&item_id=202721&item_no=1&page_id=13&block_id=8, 本研究では、運転者が走行中に保持しようとする車間時間と道路交通における交通流の関係について、セル・オートマトン方式による交通流シミュレーションによって解析した結果について報告する。高速道路上のサグなどでは、通過時に緩やかな減速が生じる箇所を起点とする自然渋滞が発生することがある。こうした交通渋滞は、先行車両の減速に対してより強い減速を行う車両が連続する状況で発生することが報告されており、先行車の減速に対して緩やかな減速で対応可能とするためには、十分な車間距離（車間時間）保持が必要となる。そこで、実測した車間時間分布に基づいて、各車両が設定した保持車間時間以上の車間時間を保持するモデルによって、現実の車間時間分布をシミュレーション環境内で再現し、各車両が保持する車間時間と流量との関係を調べた。その結果、3秒以上の車間時間を保持する運転者が増えると、衝突事故防止効果が高まるだけでなく、交通流の円滑化効果も高まることを示した。, 1
https://ipsj.ixsq.nii.ac.jp/ej/?action=pages_view_main&active_action=repository_view_main_item_detail&item_id=202724&item_no=1&page_id=13&block_id=8, ゴミの排出量は、住民の家族構成やその生活パターンに影響され、都市そのものの変化を反映する。したがって、ゴミ排出量データが取得可能となれば、清掃車のルート最適化や排出量削減のための啓蒙など、様々な行政施策に利活用可能と考えられる。しかし、現在取得可能なゴミ排出量データは清掃車ごとの回収量にとどまっており、粒度が粗く細微な都市の変化をとらえることは困難である。ゴミは排出量に基づく多様な行政施策を可能とするには、回収地点や量を含む細粒度データが必要となるが、そのようなデータを取得する実際的な手法は欠如している。そこで、本論文ではDeepCounterを提案する。DeepCounterは清掃車に搭載され、清掃車の後方動画に深層学習による物体検出技術を適用することで、清掃車が回収作業をしながらリアルタイムに回収したゴミ袋の個数を推定するセンシングシステムである。実験では藤沢市を走行する清掃車の後部ドライブレコーダで撮影した動画を用いて、提案手法の有効性を検証した。, 1
https://ipsj.ixsq.nii.ac.jp/ej/?action=pages_view_main&active_action=repository_view_main_item_detail&item_id=202727&item_no=1&page_id=13&block_id=8, 車椅子に不慣れな人は多くの場合、屋外を移動することに不安を感じ、坂道を通行する際には恐怖を感じることもある。このため、彼らが車椅子に乗る感覚に慣れることなどを目的として、Virtual Realityを用いた車椅子シミュレータが数多く開発されてきた。しかし、従来のシミュレータでは、コストと現実感がトレードオフの関係にあった。この問題を解決するために、我々は、電動車椅子の前進動作とHMD上に表示されたVection誘発映像を組み合わせた車椅子シミュレータを提案する。これは、電動車椅子でバリアを通過する映像をHMDで表示し、電動車椅子の前進動作の速度をHMD上の映像に合わせながら変化させるアプローチである。市中製品だけを用いて構築したプロトタイプシステムを用いた検証実験では、坂道を通過する感覚を高めるためのHMDと電動車椅子の挙動を明らかにした。一方、HMD上の映像視点が固定されているため、実在する坂を通過しているかのような現実感は十分には提供できていないことも判明した。, 1
https://ipsj.ixsq.nii.ac.jp/ej/?action=pages_view_main&active_action=repository_view_main_item_detail&item_id=202728&item_no=1&page_id=13&block_id=8, 人と人のコミュニケーションでは、コミュニケーションを円滑に行うために、相手の気持ちや状況の理解が重要となる場面があるが、ときとして相手の気持ちを判断することが困難な場合もある。本論文では、ウェアラブルパブリックディスプレイに自分の気持ちを提示することで、同じ空間で生活する人々との気持ちの共有を支援する手法を実現することを目的に、そのプロトタイプとして、気分を表すキャラクタのイラストが印刷されたシールを制作した。そして、大学の研究室内で学生にシールを身につけながら生活してもらう実験を実施した。その結果、身につけているシールの内容が、気持ちを理解するための手がかりとなったことや、コミュニケーション開始時の話しかけやすさに影響を与えたことが分かった。また、身につけていたシールが学生同士のコミュニケーションのきっかけとなったことが確認された。, 1
https://ipsj.ixsq.nii.ac.jp/ej/?action=pages_view_main&active_action=repository_view_main_item_detail&item_id=202730&item_no=1&page_id=13&block_id=8, s本論文では、利用者が日常的に行動している地域での散策支援システムについて述べる。観光分野において散策を支援する取り組みは多く行われているが、観光資源量の違いから、日常的に行動している地域での散策に適用することは困難な可能性が高い。そこで本研究では、宝探しの要素を取り入れることにより、地域に関する新たな発見を促す散策支援システムの開発を行った。本研究の貢献は以下である。(1)宝探しの要素を加えた散策支援システムを提案し、実現した。(2)提案システムを用いることで、地域に関する新たな発見を促すことを示した。具体的には、特徴的なオブジェクトや見つけにくいオブジェクトのスポット、興味を引くようなコメントが散策支援において重要であることを示した。, 1
https://ipsj.ixsq.nii.ac.jp/ej/?action=pages_view_main&active_action=repository_view_main_item_detail&item_id=202731&item_no=1&page_id=13&block_id=8, 子供のころの歯みがきは、その後の虫歯のなりやすさ、歯並び、噛み合わせの良し悪しに大きく影響することが知られている。しかし親が子供に無理やり歯みがきをさせてしまうと、「歯みがきは苦痛な行為である」と刷り込まれてしまう恐れがある。著者らは、子供が楽しく歯みがきが行えるようにするための歯ブラシ動作計測機能付きアプリケーションを開発した。磁石を装着した歯ブラシと、スマートフォンに搭載されている地磁気センサを用いて構築されている。地磁気センサが磁石に反応し値が変化することに着目し、地磁気センサの値を解析して磨き箇所の特定が行えるようにした。磨いた箇所近辺の歯が綺麗になってゆく様子を表示するゲーミフィケーション機能を備えている。, 1
https://ipsj.ixsq.nii.ac.jp/ej/?action=pages_view_main&active_action=repository_view_main_item_detail&item_id=202734&item_no=1&page_id=13&block_id=8, 対話型エージェントの日常生活における存在感が増している。ユーザが親しみを感じやすい対話型エージェントの研究は多角的な視点で進められており、我々はエージェントがユーモアを提示することで親しみやすさを向上させるアプローチに取り組んできた。しかし、この先行研究を含む従来技術では、ユーザが発話中に用いる単語に特定のルールを設ける必要があり、一般的なコミュニケーションシーンに適用できないという問題がある。この問題を解決するために、文のトピックを考慮してボケるエージェントを提案する。これは、先行研究において聞き間違えを行う元の単語と、聞き間違えた結果の単語の選定時に文のトピックを考慮するようにしたものである。この提案により、ユーザが特定のルールに則った発言をしなくても、エージェントはユーモアを提示できるようになる。プロトタイプシステムを用いた検証実験の結果、従来方式よりも提案方式を用いた場合の方が、ユーザはエージェントに対して親しみを感じやすくなることが示唆された。